entity:drs_id	drs_uri	filename	md5	size	state
01e6b206-c197-4eaa-806a-68bb090f4064	drs://dg.4DFC:01e6b206-c197-4eaa-806a-68bb090f4064	d6833afe-f5dd-4a0d-8778-666f7e52224f.rna_seq.transcriptome.gdc_realn.bam	342f03dc2083bf3c385c97c81d689b8e	15426589784	released
029954c9-ff82-47c8-af86-77df38a07642	drs://dg.4DFC:029954c9-ff82-47c8-af86-77df38a07642	8110d0e9-0ae0-46a1-a542-d83e3bb7219e.rna_seq.transcriptome.gdc_realn.bam	15dabdf185331ff96415640673ea99bb	14030977082	released
03c38994-e5e1-437a-b31b-1811b14346f6	drs://dg.4DFC:03c38994-e5e1-437a-b31b-1811b14346f6	0e86cd4d-d678-4061-9717-ffcd93f05dbd.rna_seq.transcriptome.gdc_realn.bam	c23b2f56611124c6e553806e523863ab	14197099826	released
045116bc-1c37-42b8-b6d0-c3846e92b7e1	drs://dg.4DFC:045116bc-1c37-42b8-b6d0-c3846e92b7e1	bdae6108-fe46-463f-98de-58d5f680bdaf.rna_seq.transcriptome.gdc_realn.bam	c9b386296601886ea03cecd96ad88f01	15389870169	released
05f6847e-ee1c-4764-a56b-edfacd0d35fe	drs://dg.4DFC:05f6847e-ee1c-4764-a56b-edfacd0d35fe	0c792398-8789-4708-bc3a-73b0bde80175.rna_seq.transcriptome.gdc_realn.bam	0fc9947cc7e7ca457818e78f475dbae0	14736022243	released
06a45957-8295-4c8c-aa8b-bb93ac857dce	drs://dg.4DFC:06a45957-8295-4c8c-aa8b-bb93ac857dce	60f5b069-2d12-4741-bf66-e23185617925.rna_seq.transcriptome.gdc_realn.bam	7dc656e034223d7eb5dbe3e34d14ed40	12695678007	released
074a3301-8f8e-4deb-a97b-9e00bc91e1e5	drs://dg.4DFC:074a3301-8f8e-4deb-a97b-9e00bc91e1e5	8529e2ae-7e2c-4e4f-8008-0e05e090803d.rna_seq.transcriptome.gdc_realn.bam	c9381eadc7e2f7cc872806ac2f137f5e	16779899133	released
084dd523-dc76-4b5b-8a2c-96d18d86a27b	drs://dg.4DFC:084dd523-dc76-4b5b-8a2c-96d18d86a27b	1ab744be-3780-4baa-971a-50defda0e791.rna_seq.transcriptome.gdc_realn.bam	ed1e4ee85c0d67c772a0c7f9ab9df81f	13781891489	released
0994f3c2-4851-409c-9f7b-a41cb5c1c2e4	drs://dg.4DFC:0994f3c2-4851-409c-9f7b-a41cb5c1c2e4	7a1d80d7-d1ee-4fc0-8299-cbf119263b52.rna_seq.transcriptome.gdc_realn.bam	e5b64afbf7433d9fdb06318396fc59d8	13982909055	released
0ed018af-4ccf-4aea-adfa-527c6bc25c5c	drs://dg.4DFC:0ed018af-4ccf-4aea-adfa-527c6bc25c5c	7b06b900-c6a4-4a44-a5e1-b1dbcac11812.rna_seq.transcriptome.gdc_realn.bam	7e3b0db31f32f202b31756f54fa8f617	18491647973	released
0f30c9ef-430f-45aa-b205-bb58d9c7b19f	drs://dg.4DFC:0f30c9ef-430f-45aa-b205-bb58d9c7b19f	defe3788-4e3e-4a4f-bf6f-41840c3f0b6c.rna_seq.transcriptome.gdc_realn.bam	fb4b13e4bbd90dca4b1cc5b0e8fa48f0	19514381833	released
0f55cfa3-0be3-446c-97b4-50e81d65142c	drs://dg.4DFC:0f55cfa3-0be3-446c-97b4-50e81d65142c	04a9005f-3104-49f0-a957-dd77c3c60679.rna_seq.transcriptome.gdc_realn.bam	65349b6c1879b2c61c4c4e824ff92bcd	15980219876	released
0fdfae5a-dd68-4c98-bce5-65ffac884720	drs://dg.4DFC:0fdfae5a-dd68-4c98-bce5-65ffac884720	5456476c-e60f-49c4-81dd-c664ef616776.rna_seq.transcriptome.gdc_realn.bam	f6a2be4707e6058f0af9880d3b4bc295	13247518489	released
1097fad0-7b53-4cdc-9ccf-866ff82d2cb8	drs://dg.4DFC:1097fad0-7b53-4cdc-9ccf-866ff82d2cb8	50e97e06-9279-484e-8c8f-6fcc67a55ebc.rna_seq.transcriptome.gdc_realn.bam	c0be94ca4374f9ff25472690477d5861	14300956665	released
12504c6c-4496-4491-97ec-7d706332b669	drs://dg.4DFC:12504c6c-4496-4491-97ec-7d706332b669	4ccbeffb-ea85-4ce5-95cf-72d99687eb7d.rna_seq.transcriptome.gdc_realn.bam	76b3ef13a311aee9b8671411d0b981bf	10012450751	released
133d4d91-c82b-4117-8c6c-a0415f1aacda	drs://dg.4DFC:133d4d91-c82b-4117-8c6c-a0415f1aacda	23d3ea07-1507-4b92-b05b-5c464ecb9858.rna_seq.transcriptome.gdc_realn.bam	82ffede412c8dffd0f06fcea0f9facac	15022978551	released
14a239ec-986a-4e20-a923-f3074e39cf56	drs://dg.4DFC:14a239ec-986a-4e20-a923-f3074e39cf56	61b1ca49-d26b-432d-bc34-98c4644f8b4f.rna_seq.transcriptome.gdc_realn.bam	a31c2fdd7ba623c948a81f73ffa1f0d7	12321274290	released
15324cf4-2520-4394-958b-1d5a6d45eab0	drs://dg.4DFC:15324cf4-2520-4394-958b-1d5a6d45eab0	068fb718-0419-4ae0-a4e4-df86e352a0ff.rna_seq.transcriptome.gdc_realn.bam	691128889962efccb4c3c962ab2ba2fa	16911091291	released
18f23253-5d5e-4d0e-b17d-b0c8c7846b31	drs://dg.4DFC:18f23253-5d5e-4d0e-b17d-b0c8c7846b31	382cce5b-8d34-481d-b746-d1defc817a08.rna_seq.transcriptome.gdc_realn.bam	358b1afdb797b75f56413c835786d5f6	12817715265	released
1a8404bc-061b-4468-96ec-322ad4915a36	drs://dg.4DFC:1a8404bc-061b-4468-96ec-322ad4915a36	b72d0a6b-8984-4854-b4b3-3f4671a0bff5.rna_seq.transcriptome.gdc_realn.bam	f59e44034da5226e3dc64e421781fa69	13924564337	released
1e003406-5f43-4898-a6e3-8b2e33649c58	drs://dg.4DFC:1e003406-5f43-4898-a6e3-8b2e33649c58	d720c62a-64a3-40b6-9400-7fc41e0f12f2.rna_seq.transcriptome.gdc_realn.bam	e0cd74ad1dae32ab0b1eadb21cca221c	5326942260	released
20420557-d9b5-4922-b98f-a871871dc33d	drs://dg.4DFC:20420557-d9b5-4922-b98f-a871871dc33d	9ab4b2fd-3e78-495d-a165-08dcd36f9acc.rna_seq.transcriptome.gdc_realn.bam	b8ab2dfc010c6a58711ec1795f41497f	17276244232	released
226a1449-8774-4f94-a22b-e431170dbde0	drs://dg.4DFC:226a1449-8774-4f94-a22b-e431170dbde0	3e391ede-f7b1-46ef-ae6e-24cfed805095.rna_seq.transcriptome.gdc_realn.bam	99ffbc145664c1ad40d28bd87a673b4d	17564071576	released
2c0c65dc-92ac-4952-aff6-da649a11e12b	drs://dg.4DFC:2c0c65dc-92ac-4952-aff6-da649a11e12b	cc372dbb-e7ea-457f-ae2b-7d0ba5a0a2dd.rna_seq.transcriptome.gdc_realn.bam	1e3a86408b46daed0b1cc9ac787b87be	18059290429	released
2e0c8a45-1df8-44ae-b83d-f6d94941f4f6	drs://dg.4DFC:2e0c8a45-1df8-44ae-b83d-f6d94941f4f6	1fccaea9-1266-4b3c-a457-7eac409de325.rna_seq.transcriptome.gdc_realn.bam	ddbf15e0f6b72ad5d5a37ef11b15ab5f	16676729137	released
2e543e55-4b6f-4d2c-999c-f1397e5ce788	drs://dg.4DFC:2e543e55-4b6f-4d2c-999c-f1397e5ce788	aa816c97-1621-4bb0-bded-07e8e1c06f09.rna_seq.transcriptome.gdc_realn.bam	5539624191941b507ce573aef060147f	8321155969	released
31f7e062-c246-4f14-8080-76df505a6941	drs://dg.4DFC:31f7e062-c246-4f14-8080-76df505a6941	cbbc9f43-6f38-425f-8bed-b8eb0b389a23.rna_seq.transcriptome.gdc_realn.bam	89ba69ba2b2741dc72b3c1d6ef0a3a56	14501988655	released
32c564f3-d724-48f7-952f-aac5d3ad4480	drs://dg.4DFC:32c564f3-d724-48f7-952f-aac5d3ad4480	eccdec4b-f227-4c4a-ba4c-7354b1a5e6ac.rna_seq.transcriptome.gdc_realn.bam	64ad5016c407756110969ca6e0956ba5	15445308606	released
3492412d-f5c2-48f2-a440-35d1a27752d6	drs://dg.4DFC:3492412d-f5c2-48f2-a440-35d1a27752d6	82d180d0-774f-48bb-9d36-fcc37f95f761.rna_seq.transcriptome.gdc_realn.bam	1a71cea0fe36aa882533612f7d4e860a	12126301828	released
3a4d40a2-d515-416c-9a6c-83dceda607e7	drs://dg.4DFC:3a4d40a2-d515-416c-9a6c-83dceda607e7	d12f92f8-960c-4969-adec-fa55ce64fbee.rna_seq.transcriptome.gdc_realn.bam	84526c7e0af2326073663959f1ceac61	12370056780	released
3a7ded19-e5c7-431c-a71c-b561da55d2be	drs://dg.4DFC:3a7ded19-e5c7-431c-a71c-b561da55d2be	9b127b39-c64a-4863-bbb7-615d53ebe7f8.rna_seq.transcriptome.gdc_realn.bam	68d701051f47cf16c2893da834ce4f18	16773598728	released
3c95dabd-4d59-4f1f-9a0a-19fcb9f69b98	drs://dg.4DFC:3c95dabd-4d59-4f1f-9a0a-19fcb9f69b98	f94feb03-e191-4328-9818-7220696e3a86.rna_seq.transcriptome.gdc_realn.bam	cb35c5a547a943370ba06ccf64e71741	15236369262	released
416a4f54-aafd-4f0f-9b6a-d19c5fbbf1ac	drs://dg.4DFC:416a4f54-aafd-4f0f-9b6a-d19c5fbbf1ac	69f1884b-6c08-478e-80e4-c95e9d574207.rna_seq.transcriptome.gdc_realn.bam	50478ceef2ce577238c42bfd4d63c076	10940796323	released
48087b04-a1c4-4f1a-ad67-2ee62bd3c13d	drs://dg.4DFC:48087b04-a1c4-4f1a-ad67-2ee62bd3c13d	4bebecd7-886d-4778-bff5-27d90595f8e7.rna_seq.transcriptome.gdc_realn.bam	89258f3b63bf0cf57c93fe8a1894c64b	19431969722	released
486134fc-5bfa-4c2a-bf6a-56fb457c7544	drs://dg.4DFC:486134fc-5bfa-4c2a-bf6a-56fb457c7544	11864629-bce9-4e38-9bd1-432df0a54e5b.rna_seq.transcriptome.gdc_realn.bam	29ec9ebd9f95c8473916bb8a9e001587	12221195401	released
496c429e-2a5b-46fd-98a7-26980f275c59	drs://dg.4DFC:496c429e-2a5b-46fd-98a7-26980f275c59	833ca734-3510-4e35-a833-e1de58b3a315.rna_seq.transcriptome.gdc_realn.bam	c1a2e71a610ffff934c4d635a7dba2d6	13028663753	released
4a8af74d-cdd5-4739-ac2a-f6b2b244bae4	drs://dg.4DFC:4a8af74d-cdd5-4739-ac2a-f6b2b244bae4	66697b8e-4ffe-4ed5-933f-1d11eda9a7d5.rna_seq.transcriptome.gdc_realn.bam	1774bacba4e2c0d3a216c682ddf37c20	9557476195	released
4d25fc14-9471-438a-93fe-7b544de1688a	drs://dg.4DFC:4d25fc14-9471-438a-93fe-7b544de1688a	d7243ec1-3f39-4179-b67a-23bbadf55304.rna_seq.transcriptome.gdc_realn.bam	a22cdbf20e121b7b850c17228e2495f0	7064132919	released
4ef0b07b-b26c-4a63-be24-7b0099b9560f	drs://dg.4DFC:4ef0b07b-b26c-4a63-be24-7b0099b9560f	8a851a1b-c39e-4ee2-876a-447ff4b088c4.rna_seq.transcriptome.gdc_realn.bam	351c2c8b231e8fc8190d2218380431f4	19709631888	released
50989255-9b82-4b38-b467-a5b6d913a328	drs://dg.4DFC:50989255-9b82-4b38-b467-a5b6d913a328	05ec7139-df1a-48af-8d31-0acb26ee037b.rna_seq.transcriptome.gdc_realn.bam	2684b8e1d79e9d37b6b642b4cc96aed2	13588091998	released
5199ac61-3f1f-4ff3-9577-c7b297446758	drs://dg.4DFC:5199ac61-3f1f-4ff3-9577-c7b297446758	30df08e9-e6be-4c16-91e1-4e7de6adddea.rna_seq.transcriptome.gdc_realn.bam	9edd7c03a18144aac56b161f3edea1d0	19335547350	released
53aa628c-6af8-4a4f-8a06-7819409e3fc9	drs://dg.4DFC:53aa628c-6af8-4a4f-8a06-7819409e3fc9	f9862bd4-4530-4ba9-b940-658d39907222.rna_seq.transcriptome.gdc_realn.bam	3f81f0cdba16481dbb8ce5b4895c331b	9629580755	released
548d265a-2924-48e0-9e9f-15515ae7b8bf	drs://dg.4DFC:548d265a-2924-48e0-9e9f-15515ae7b8bf	00922fb6-95ec-458b-9f4e-9811cbb643eb.rna_seq.transcriptome.gdc_realn.bam	03171044800d1c0c0dcceaeb6ed1f580	14032355058	released
573ed866-a87d-4250-93ab-9da5ad7edbc0	drs://dg.4DFC:573ed866-a87d-4250-93ab-9da5ad7edbc0	28571071-5093-4d12-b526-9c06133cfcbc.rna_seq.transcriptome.gdc_realn.bam	a1d6e30657a4817b3a4c1add1134790a	17156903600	released
58613f5e-9a5e-439d-8c96-32daaa35f5ce	drs://dg.4DFC:58613f5e-9a5e-439d-8c96-32daaa35f5ce	38afdac7-861e-4d67-b6a3-4f95f8880bb2.rna_seq.transcriptome.gdc_realn.bam	e09382509829fdaa386feba61b020da9	16240946489	released
58a7f703-6ae0-441e-86b9-0eaa159f8184	drs://dg.4DFC:58a7f703-6ae0-441e-86b9-0eaa159f8184	06cbde58-ac14-4736-ad91-0ba2bf399527.rna_seq.transcriptome.gdc_realn.bam	0a6699f5a26d3454a9c9381f0a614a95	15796643398	released
59e4aa9f-2af0-4393-88ae-657056b1fe92	drs://dg.4DFC:59e4aa9f-2af0-4393-88ae-657056b1fe92	96e154ab-2822-4477-990e-4b65e6d1432b.rna_seq.transcriptome.gdc_realn.bam	38eadec81f5b729f324c51a71ca3da15	10914174339	released
5a5e5f93-28b4-4c11-9347-a7e0290a8999	drs://dg.4DFC:5a5e5f93-28b4-4c11-9347-a7e0290a8999	2aa9348e-e78c-4af8-9aa1-ac2a0771ea7c.rna_seq.transcriptome.gdc_realn.bam	befe0e98dc74def56a8f76c63f4ede00	17799051861	released
5e1caea4-a12d-43a4-b01c-864bd9aee706	drs://dg.4DFC:5e1caea4-a12d-43a4-b01c-864bd9aee706	89acdd18-8dbd-4d4d-8b92-b88b82f8c0c7.rna_seq.transcriptome.gdc_realn.bam	4a5984906a76345b36d7a8b117eaf8c3	8265774575	released
6027207d-3dc2-4d23-9344-3bebd6116f83	drs://dg.4DFC:6027207d-3dc2-4d23-9344-3bebd6116f83	8dbf5d9d-67b7-4107-a596-6af42710b7b6.rna_seq.transcriptome.gdc_realn.bam	6b295bc5ac35f99340065364cea444b2	15982107514	released
61407601-5c4e-4a6e-987a-953404093406	drs://dg.4DFC:61407601-5c4e-4a6e-987a-953404093406	7dcf88b1-efbf-4d15-8702-c089871ec52e.rna_seq.transcriptome.gdc_realn.bam	0539e00b5ec33590e8093a7f731d9164	11586968722	released
62fbaaae-4c23-443d-8d42-fd6c5cf701a4	drs://dg.4DFC:62fbaaae-4c23-443d-8d42-fd6c5cf701a4	e66cc51e-3029-4568-b546-6278e993189f.rna_seq.transcriptome.gdc_realn.bam	03a821543062c5b9dce9293bb0987712	14940675283	released
641e85e8-ce03-4914-8da8-6669c159ab34	drs://dg.4DFC:641e85e8-ce03-4914-8da8-6669c159ab34	7a632cae-65fe-4d7c-a892-a8809a9ba6de.rna_seq.transcriptome.gdc_realn.bam	b5e638223de5a9fe55fca632a43dc6c3	10050660607	released
64b35170-8795-4d5e-a6c7-5511c818efff	drs://dg.4DFC:64b35170-8795-4d5e-a6c7-5511c818efff	a87cc623-e67b-44c7-85c3-a2e4bcc32220.rna_seq.transcriptome.gdc_realn.bam	3f8fae26cbe18f8eda4a7c69d054b2a0	20040058098	released
64fea002-580e-4e3d-843d-c8bec9ccd394	drs://dg.4DFC:64fea002-580e-4e3d-843d-c8bec9ccd394	f1183765-f532-499a-aed8-fdd39156a67b.rna_seq.transcriptome.gdc_realn.bam	a0a3c1f964b6d7028bc0fff7dcbc5502	13840960586	released
67ff9c21-aead-42e6-89f2-cfaa96dd3b57	drs://dg.4DFC:67ff9c21-aead-42e6-89f2-cfaa96dd3b57	598eebde-1c35-4dfb-be46-167c6b2b3819.rna_seq.transcriptome.gdc_realn.bam	01e9a4ae261c8f47b0f70eb2614a1dcf	17076055029	released
68df72e2-38f2-499b-b6de-0dc07d9f83e5	drs://dg.4DFC:68df72e2-38f2-499b-b6de-0dc07d9f83e5	7fbe42af-819b-49e8-98c6-741188a25a0a.rna_seq.transcriptome.gdc_realn.bam	ab65f8685270dd27b0875555ba723ae3	8132489721	released
69525890-779a-4ce8-ba6c-8aa96186a99b	drs://dg.4DFC:69525890-779a-4ce8-ba6c-8aa96186a99b	c46e9df6-eba7-49c3-a339-2dc82e208a04.rna_seq.transcriptome.gdc_realn.bam	d698a1fe6b966ae87c10cefbf80e58d3	13761934493	released
698ef341-e4f4-4fb9-ad9d-387dcf6c4980	drs://dg.4DFC:698ef341-e4f4-4fb9-ad9d-387dcf6c4980	37f52ca5-99ff-44e5-8753-ea97dab7f958.rna_seq.transcriptome.gdc_realn.bam	12b71eb5f0c274477330e52687290097	19488530252	released
6d29463a-d546-412f-aeeb-92261bab1ac6	drs://dg.4DFC:6d29463a-d546-412f-aeeb-92261bab1ac6	f8e97708-5217-4d5f-9056-cd5a13ae8988.rna_seq.transcriptome.gdc_realn.bam	4c9433e786670efd1a0f6dbdc7ccd743	17469728262	released
6d841c28-6453-4c20-bb3e-a76a387aa304	drs://dg.4DFC:6d841c28-6453-4c20-bb3e-a76a387aa304	9d285856-ea63-4cf3-9827-fbd6d8cbfae8.rna_seq.transcriptome.gdc_realn.bam	0dd4792af461508ff5aff8f41c14a149	18357202918	released
6dbbf267-8fac-493e-ba4b-b5948e135cf2	drs://dg.4DFC:6dbbf267-8fac-493e-ba4b-b5948e135cf2	bb23d5de-c9a8-44be-b08f-1af8aba78518.rna_seq.transcriptome.gdc_realn.bam	cca02dd5825bdc378c6a227bdbb27d8a	18738518136	released
6df0bef4-475d-4b18-83b9-057bf7d76f8f	drs://dg.4DFC:6df0bef4-475d-4b18-83b9-057bf7d76f8f	2bbc05dc-29d8-4f22-8011-48b9cd2f4360.rna_seq.transcriptome.gdc_realn.bam	0970c286ec04c481dc671c166dd3020e	18413726120	released
6fe82309-2b1d-40e4-8425-a6031fd31709	drs://dg.4DFC:6fe82309-2b1d-40e4-8425-a6031fd31709	b8fb6e54-cec8-43b5-a6ab-ee698baad631.rna_seq.transcriptome.gdc_realn.bam	d98c74abbe41e798227da9dd84189e8e	14346638203	released
70b0e042-2ddf-4a1d-9de3-7e950c05680d	drs://dg.4DFC:70b0e042-2ddf-4a1d-9de3-7e950c05680d	63684970-af23-45d1-9f20-ee0d7ecc8279.rna_seq.transcriptome.gdc_realn.bam	a47641490d08e5c72e3b2aa5c357be52	11300758505	released
70bd8afe-3f38-447d-8a67-06934906aa24	drs://dg.4DFC:70bd8afe-3f38-447d-8a67-06934906aa24	a199f5da-dda7-406f-967b-f9c5ff771a40.rna_seq.transcriptome.gdc_realn.bam	197e248b5cab31fdd370fdef57bf3c8c	19310735703	released
7519d177-5993-4c21-bcee-679e575f5e16	drs://dg.4DFC:7519d177-5993-4c21-bcee-679e575f5e16	0a4a1bec-4376-490b-9abb-cfeb9dd6c74b.rna_seq.transcriptome.gdc_realn.bam	6bb3c3fe813a06208fdef74eaf92025c	17644947982	released
79d7b1f5-470e-4806-bc8f-106cd444992e	drs://dg.4DFC:79d7b1f5-470e-4806-bc8f-106cd444992e	83ac49d2-f8f8-4e1d-9df6-ac82a61cab24.rna_seq.transcriptome.gdc_realn.bam	9fb0234cd2d6a5ef83a1949e2db89dab	15980574413	released
7b522d34-8693-4b4e-acdb-c82e60a9a8fe	drs://dg.4DFC:7b522d34-8693-4b4e-acdb-c82e60a9a8fe	935b3e7d-ca6c-4783-a8d1-6edb67a6f16a.rna_seq.transcriptome.gdc_realn.bam	d956fb16b85d8d3a24dbf8bc934eb107	12643717430	released
7cf58926-d1f6-4e2d-bb29-a23bed1119ae	drs://dg.4DFC:7cf58926-d1f6-4e2d-bb29-a23bed1119ae	e2cdf208-ea1f-45cd-bc65-69b051aa3c04.rna_seq.transcriptome.gdc_realn.bam	b26a6bfe78f3841ae810cbac0fadb1f1	15265021383	released
7e4dc9f9-1fd1-4ee2-a65d-b073ae2b00b2	drs://dg.4DFC:7e4dc9f9-1fd1-4ee2-a65d-b073ae2b00b2	6730223d-40d4-4a9f-a93d-0a7329616ca3.rna_seq.transcriptome.gdc_realn.bam	50850e53e6019bddb7686be473f1c462	14126855215	released
82313c4c-817e-47ac-a1f4-ba11e8de6bf7	drs://dg.4DFC:82313c4c-817e-47ac-a1f4-ba11e8de6bf7	e089d94c-a4d2-44ff-b8e7-2fa6838f0bc5.rna_seq.transcriptome.gdc_realn.bam	b592536bfcf9287881fe06a1a8db0fe7	15389334064	released
8345b1af-93b4-41b2-85b7-63b3686cebef	drs://dg.4DFC:8345b1af-93b4-41b2-85b7-63b3686cebef	a250831f-b26a-4646-839f-69c46cfc2c4d.rna_seq.transcriptome.gdc_realn.bam	b3a903c19c73f20fc2024473705c2bd3	15817796375	released
857e990f-7456-4c6f-9fcd-5bd8ea4385be	drs://dg.4DFC:857e990f-7456-4c6f-9fcd-5bd8ea4385be	f8fae9b4-d6ff-4dc9-9018-15d91a8ed36e.rna_seq.transcriptome.gdc_realn.bam	93c0da28ab87eaa9b1b56228f3e89a7b	13845743381	released
8622a12a-a4b0-4b38-ae15-4f3c553056fa	drs://dg.4DFC:8622a12a-a4b0-4b38-ae15-4f3c553056fa	e7f27690-8071-4923-bc18-35eba10113a9.rna_seq.transcriptome.gdc_realn.bam	28ec163b8d6d5c64b50c8eb1d989ed48	17775629920	released
86296bce-a9b4-46f6-af30-d0f557b24bf4	drs://dg.4DFC:86296bce-a9b4-46f6-af30-d0f557b24bf4	14e1fb9f-ad56-4de1-88f2-3ca2c208fa4f.rna_seq.transcriptome.gdc_realn.bam	fa5cdf34c9c71dfca294e4e84a12eb0e	11832643193	released
868c2703-96e2-4333-b6ae-94566527d6f8	drs://dg.4DFC:868c2703-96e2-4333-b6ae-94566527d6f8	ecaf1c57-1d8e-49e4-84a3-6c371c5314f3.rna_seq.transcriptome.gdc_realn.bam	8a3b87faec91740978ccbea445ed7986	15850517675	released
86ba3309-5538-4745-9f30-9fd550dff7cb	drs://dg.4DFC:86ba3309-5538-4745-9f30-9fd550dff7cb	e700ff12-b6ed-4f1d-87cc-89aef5d8be8b.rna_seq.transcriptome.gdc_realn.bam	0db9075ddd1474a870e66cdd050bbc54	12745780468	released
88ae131d-f6d4-40d2-b3ab-906d834c30d8	drs://dg.4DFC:88ae131d-f6d4-40d2-b3ab-906d834c30d8	ce0965bf-9431-4e72-b182-929fa023bf89.rna_seq.transcriptome.gdc_realn.bam	ff1ee7c4013bb6bd86ea599a4bf8d663	15666131823	released
8a7aef97-c650-41ee-b067-4b4d3dad41d2	drs://dg.4DFC:8a7aef97-c650-41ee-b067-4b4d3dad41d2	c79c78cb-8192-4ae0-801b-35ba76a35841.rna_seq.transcriptome.gdc_realn.bam	d7fe819f7bd881942f4950d6a794d050	15824359357	released
8d27e0c5-535f-4f89-91ce-82bf10de331e	drs://dg.4DFC:8d27e0c5-535f-4f89-91ce-82bf10de331e	01ecfef7-7a6b-4212-bdfa-d4aae88fadfa.rna_seq.transcriptome.gdc_realn.bam	86e9cc0dd89f5768bb08d69e7d6cc1ee	14579294349	released
8df199ab-ec31-4161-946d-469e81c0ae3c	drs://dg.4DFC:8df199ab-ec31-4161-946d-469e81c0ae3c	b0b965b6-bf81-47f6-a677-2f3886e8b6bf.rna_seq.transcriptome.gdc_realn.bam	c3b8f63e9de6e4ebe44aa9f32d21aca1	11127861536	released
8f03972b-f546-43d0-9be0-3eb5f931141e	drs://dg.4DFC:8f03972b-f546-43d0-9be0-3eb5f931141e	527b4d93-7c73-4e94-9d9c-c7e4fb7e2a7b.rna_seq.transcriptome.gdc_realn.bam	86f39619137e0d315c1e07b647bb4b77	16275688768	released
92180981-278b-49c6-a97e-6018a4223283	drs://dg.4DFC:92180981-278b-49c6-a97e-6018a4223283	34f43fb5-ca59-4455-ae07-f987bdb9a8e0.rna_seq.transcriptome.gdc_realn.bam	e4e9492b4436eba471d5a95ec9bc6b67	11024189006	released
94537581-fab2-48e6-96f5-5069ad77301c	drs://dg.4DFC:94537581-fab2-48e6-96f5-5069ad77301c	02204e67-61ec-4407-a8f4-daab9082498e.rna_seq.transcriptome.gdc_realn.bam	509323369c781bef2ab20ddc68025fbb	18723194725	released
953d2150-b429-4d66-9574-5352a5e96bfd	drs://dg.4DFC:953d2150-b429-4d66-9574-5352a5e96bfd	e71db7d0-f7b7-4522-a382-c83b7520f608.rna_seq.transcriptome.gdc_realn.bam	b40e35282bd8a0652ff568d769c930fa	17896522171	released
956a7051-996d-4b3a-9066-f3ad68c23ff3	drs://dg.4DFC:956a7051-996d-4b3a-9066-f3ad68c23ff3	e90cb716-173a-4c5a-b2fc-c25155c13983.rna_seq.transcriptome.gdc_realn.bam	f4218bc6ad4d3aaf0fbec9e14af4c554	13944821177	released
95f41063-4107-4d41-97f6-a0754a14ddf0	drs://dg.4DFC:95f41063-4107-4d41-97f6-a0754a14ddf0	b13b0930-70e8-4d37-8dd6-d45fc633536a.rna_seq.transcriptome.gdc_realn.bam	375b8a37c368ed02a91b363b6f7c25c6	16215838658	released
974d3bac-263c-456d-8a43-9519887bd5e5	drs://dg.4DFC:974d3bac-263c-456d-8a43-9519887bd5e5	8acb6203-ddd0-4edc-8017-7e3b2953b7a2.rna_seq.transcriptome.gdc_realn.bam	47ef5fc6c335a4b3b0ffcdd9f8b3d3bb	17820252909	released
985c1c55-985e-41e8-ae0c-b71eaec58856	drs://dg.4DFC:985c1c55-985e-41e8-ae0c-b71eaec58856	853dbd81-9079-4d4f-aa38-05b04b159667.rna_seq.transcriptome.gdc_realn.bam	fdb62b00e1d8f9c77290b7fbedbf2785	16886757988	released
9a06b2f9-a400-4244-82c1-9f209f34898e	drs://dg.4DFC:9a06b2f9-a400-4244-82c1-9f209f34898e	71adf9b8-e04d-454a-814e-855aa2f106d6.rna_seq.transcriptome.gdc_realn.bam	dd42e66bfd49a8b328bc252643ca5d48	12087138598	released
9a3ac794-6e71-4645-bd62-f82133f8a257	drs://dg.4DFC:9a3ac794-6e71-4645-bd62-f82133f8a257	6e3baf80-1f0c-4f71-ac17-fad3b2e5f083.rna_seq.transcriptome.gdc_realn.bam	e449267de96ebc12bc6b551e7e7f1b10	12751426599	released
9c1b08a7-a921-4491-9765-d182182464f1	drs://dg.4DFC:9c1b08a7-a921-4491-9765-d182182464f1	1f628ca5-8c82-485b-9d0c-294269952c7e.rna_seq.transcriptome.gdc_realn.bam	eb0c853d879ef1c9f6c7eea8c98d8bb0	14649841697	released
9c2581db-55ee-42ac-8fa4-a29a3d0e69a0	drs://dg.4DFC:9c2581db-55ee-42ac-8fa4-a29a3d0e69a0	0cf30abd-2531-4c1e-998e-3c6b7a89e5b8.rna_seq.transcriptome.gdc_realn.bam	b47c648efe44b8a639f26ecc2ab7c3a3	12824090279	released
9cf8e8e8-ba93-4733-a6d7-5e7788fbca03	drs://dg.4DFC:9cf8e8e8-ba93-4733-a6d7-5e7788fbca03	abafc0e6-d123-4176-a7dc-98b9af3dbf22.rna_seq.transcriptome.gdc_realn.bam	a060116cf31f9d3ba69063aea7c27810	15146813443	released
9e711dab-3085-40e5-bb81-6372c9d775bb	drs://dg.4DFC:9e711dab-3085-40e5-bb81-6372c9d775bb	304d1c41-8a4b-4068-ab27-8cea5a065e80.rna_seq.transcriptome.gdc_realn.bam	004bf9028a8fa88e0f2e7c11cff65fda	21161903323	released
a2c9df2a-6b2c-481d-93b4-3ebbac9cfc2a	drs://dg.4DFC:a2c9df2a-6b2c-481d-93b4-3ebbac9cfc2a	5345094f-dc9b-4dda-90ae-ec8749e49163.rna_seq.transcriptome.gdc_realn.bam	6f74439f6303f3c8fd69794c0a64c6f5	14319767090	released
a80a5068-c013-48fb-9f9d-124156b04ed5	drs://dg.4DFC:a80a5068-c013-48fb-9f9d-124156b04ed5	130f6905-2d83-425a-950f-50bd8a0cc42e.rna_seq.transcriptome.gdc_realn.bam	14737c732d8f3d506d0057d294620296	13489561737	released
a8ed2248-843f-4a83-a982-5d5ad43dde6c	drs://dg.4DFC:a8ed2248-843f-4a83-a982-5d5ad43dde6c	f42e7ae4-f25b-4cec-a514-cd7f47dd43b8.rna_seq.transcriptome.gdc_realn.bam	c2d37101434dbc3c31c5e3b9b14a4ed7	15335766757	released
ab655b56-cb4f-4831-8d9b-b5f544d51de8	drs://dg.4DFC:ab655b56-cb4f-4831-8d9b-b5f544d51de8	97aede8f-8315-4d49-8f04-41b4c266d78c.rna_seq.transcriptome.gdc_realn.bam	daaca9aac3c7420b215b7f3f81140b31	13634931451	released
ac012337-9d61-488f-bf37-ea90b762a237	drs://dg.4DFC:ac012337-9d61-488f-bf37-ea90b762a237	d5304773-4b14-4f79-8080-dd5e1c044cf5.rna_seq.transcriptome.gdc_realn.bam	12a39d3bbee0bab9425fa105e236473f	15342351167	released
acc69250-8ee3-4f75-9141-709cb664ac6a	drs://dg.4DFC:acc69250-8ee3-4f75-9141-709cb664ac6a	0c7e4640-0092-4931-b84f-fd1bef907348.rna_seq.transcriptome.gdc_realn.bam	482eb635645b1858723ba379dfdef1a5	15369541553	released
afda9382-42c7-4887-8208-0815fa0e1f8a	drs://dg.4DFC:afda9382-42c7-4887-8208-0815fa0e1f8a	79caabb5-c799-4d32-916b-f9cb8aaba2df.rna_seq.transcriptome.gdc_realn.bam	cf4e41e41523bd48fc447fe87125a228	15340311208	released
b003b811-fdc6-4c91-a684-9a34988f053c	drs://dg.4DFC:b003b811-fdc6-4c91-a684-9a34988f053c	f24feca2-99bc-4fda-96df-9b6f775f2b7e.rna_seq.transcriptome.gdc_realn.bam	04fc8c8b72c22757b6d32192bc37221b	17202487413	released
b2e33850-3667-469b-b20d-48e050037108	drs://dg.4DFC:b2e33850-3667-469b-b20d-48e050037108	6e09d1b0-6ba9-4276-b388-6ba4103bd881.rna_seq.transcriptome.gdc_realn.bam	03645944f8ddbdf2e14bf2f4ca6c1106	11216769859	released
b2eef180-fac0-446d-a22d-0e5a397c8f1f	drs://dg.4DFC:b2eef180-fac0-446d-a22d-0e5a397c8f1f	52b23325-cbd7-47a0-9d72-fc00fd73bfa7.rna_seq.transcriptome.gdc_realn.bam	6b6c11d1df48dcc0847dd2d253b158d9	13768609578	released
b468f782-a9f2-4b84-84f7-24adc32525b5	drs://dg.4DFC:b468f782-a9f2-4b84-84f7-24adc32525b5	1c62b2fe-3d8d-46d2-860c-b97cdcc2cf88.rna_seq.transcriptome.gdc_realn.bam	6165a6d83da2ab9eeda5e6faa04de2b5	10420477141	released
b4bb0698-c59f-4831-8dd8-1256fc39ce71	drs://dg.4DFC:b4bb0698-c59f-4831-8dd8-1256fc39ce71	3a9a7eaf-120e-4c63-8185-a27f697ce299.rna_seq.transcriptome.gdc_realn.bam	ac19732da2d34276b915d372d0c28e39	14075535676	released
b4e97307-2c5e-49a4-96a6-e11151542e9e	drs://dg.4DFC:b4e97307-2c5e-49a4-96a6-e11151542e9e	ddc9ddb7-8686-4cd7-8f81-71ff37c8203e.rna_seq.transcriptome.gdc_realn.bam	f197170e9c23c50a0fba28c79f2ba0ad	9242074091	released
b5572318-24a3-4438-9d32-81171109bf36	drs://dg.4DFC:b5572318-24a3-4438-9d32-81171109bf36	5b47289b-49a4-40c2-9089-34fd811149d2.rna_seq.transcriptome.gdc_realn.bam	354d3335690127745d0083bb919995c0	8933132447	released
b5759218-6e8d-4e79-be9f-a7cb7d876795	drs://dg.4DFC:b5759218-6e8d-4e79-be9f-a7cb7d876795	657b314e-ebeb-4d4f-9f51-13e608551c70.rna_seq.transcriptome.gdc_realn.bam	29b7088ecb41f87cd2a99f87eb27ac47	17087072785	released
b5a04114-f409-45af-a8d4-097ae88e551a	drs://dg.4DFC:b5a04114-f409-45af-a8d4-097ae88e551a	7850ab16-4701-4e05-b2b8-6086b8ed63bb.rna_seq.transcriptome.gdc_realn.bam	ec1c8f850a19ddac69bb6fdfcf821200	19853837222	released
b6f229c0-f370-4ea8-9492-66ba6175af23	drs://dg.4DFC:b6f229c0-f370-4ea8-9492-66ba6175af23	7ca87e60-cc5f-4712-a32e-e1a9e13b02a4.rna_seq.transcriptome.gdc_realn.bam	090408b0accaf7680c8cb259cf3a1d09	8686737392	released
b7bd28b3-9eb2-4b2a-84a7-00c8fa3b61a2	drs://dg.4DFC:b7bd28b3-9eb2-4b2a-84a7-00c8fa3b61a2	4080d310-a86e-4a51-b160-dd3d4531e893.rna_seq.transcriptome.gdc_realn.bam	e55a78746228d08af9e35d1546f2cf50	14269127153	released
b7e119af-a3cc-4bd9-a165-6dafc9e4ee23	drs://dg.4DFC:b7e119af-a3cc-4bd9-a165-6dafc9e4ee23	0df5b21d-6ab0-4d21-a801-9e0dd4230ffb.rna_seq.transcriptome.gdc_realn.bam	7d57da83d648e7ea2f3cca07f065635f	13003807307	released
b8f150bb-8da0-4f0f-84d0-5471423c9bda	drs://dg.4DFC:b8f150bb-8da0-4f0f-84d0-5471423c9bda	c54c5280-4ffd-4892-92a6-0267a1c01a5f.rna_seq.transcriptome.gdc_realn.bam	c6c4131eafc91e3da41c4f92e01edc70	17438131884	released
bbb78fc1-68a7-4e89-8a7d-74f3e959f295	drs://dg.4DFC:bbb78fc1-68a7-4e89-8a7d-74f3e959f295	4d335987-6d71-4ef3-9655-e33fe642d381.rna_seq.transcriptome.gdc_realn.bam	787c14936f039b998d66a0f1896521e3	17881527133	released
bce6e6e1-86bd-4f6a-89f1-4e4368dc53f3	drs://dg.4DFC:bce6e6e1-86bd-4f6a-89f1-4e4368dc53f3	e5224d62-fba8-445a-8277-1fa915089575.rna_seq.transcriptome.gdc_realn.bam	ffc8662c3492634b9b2b91573ffec981	14710154042	released
bd3554ab-6fd6-4075-9700-b82d0ddaef53	drs://dg.4DFC:bd3554ab-6fd6-4075-9700-b82d0ddaef53	74e2edb8-5d55-48b2-a24d-2d76db8a04bd.rna_seq.transcriptome.gdc_realn.bam	4dc5c5373cdf31d3226c34545757d6c5	18369705034	released
c4363555-3cb1-4d7f-a30d-1dda61e4abed	drs://dg.4DFC:c4363555-3cb1-4d7f-a30d-1dda61e4abed	bd2fff46-a54a-4a7a-b4a3-03b1e68e5315.rna_seq.transcriptome.gdc_realn.bam	361a8e42694ff9044a05795d40a0f80e	17989877448	released
c4f89b88-ea29-4e6a-8427-87854a56c3e2	drs://dg.4DFC:c4f89b88-ea29-4e6a-8427-87854a56c3e2	5cc46e4b-5773-46a8-b3bf-6a3d79b2eb93.rna_seq.transcriptome.gdc_realn.bam	ef94a8c2c5d7f3e048f75489007d9836	13894546565	released
c62e6228-1f40-45c2-9d99-2ec0bf79fb35	drs://dg.4DFC:c62e6228-1f40-45c2-9d99-2ec0bf79fb35	37d341cf-24de-4af2-9a2b-ee801c416ec8.rna_seq.transcriptome.gdc_realn.bam	48c53f60f963c92ccd3a4f7b5c2a48dc	13451137366	released
c6d4133c-504d-4c6e-b83b-1d7930aaf164	drs://dg.4DFC:c6d4133c-504d-4c6e-b83b-1d7930aaf164	72d9b028-1c20-4835-a7f9-882e5dd80797.rna_seq.transcriptome.gdc_realn.bam	509bc91a0773604c654d38203b1c0c37	17262999779	released
c6eed352-fd2b-42d6-a0e5-fe26dcde12a3	drs://dg.4DFC:c6eed352-fd2b-42d6-a0e5-fe26dcde12a3	74b176ff-ceec-469a-8d33-87f9492f044c.rna_seq.transcriptome.gdc_realn.bam	e65d90cf81ea22acc33845be58cc3678	12603658397	released
c758cbca-f35c-4de2-ab25-6086d54c4b5a	drs://dg.4DFC:c758cbca-f35c-4de2-ab25-6086d54c4b5a	c1867a9a-942f-46f9-b7ff-bfe8edb04f6d.rna_seq.transcriptome.gdc_realn.bam	e346c205ea35fee41e80a1d661702f1e	18315678887	released
c81375d5-3cb2-4e08-aafa-c53fa101abbb	drs://dg.4DFC:c81375d5-3cb2-4e08-aafa-c53fa101abbb	a46f7127-9855-4904-ad46-4a05dca69192.rna_seq.transcriptome.gdc_realn.bam	a9c7bcebeb6bae425f1660af6b1d7368	15164965465	released
c8315d9b-b04a-48f9-a99d-56630fb00bd9	drs://dg.4DFC:c8315d9b-b04a-48f9-a99d-56630fb00bd9	4ca2be70-e2b2-4063-b6da-58d6110a43ba.rna_seq.transcriptome.gdc_realn.bam	23365301bb026c12137f243d659b7272	14751749588	released
ca834e37-4199-4ab6-807d-a26f50e7a553	drs://dg.4DFC:ca834e37-4199-4ab6-807d-a26f50e7a553	c49b7f2a-d373-4fc5-9ed4-33a3eed0f3e4.rna_seq.transcriptome.gdc_realn.bam	f395b21707ee1abfcd5183648670dd64	14057460518	released
cb2132c1-f158-43bb-a961-2a6cee170ddc	drs://dg.4DFC:cb2132c1-f158-43bb-a961-2a6cee170ddc	e3a7e5b8-4ac0-445b-b514-9ce4c169ae2c.rna_seq.transcriptome.gdc_realn.bam	dbc18f5db3201c3f47d085bb4c77afc1	12807054872	released
cc4cb8f8-9cca-4cf4-a686-27fd50d13619	drs://dg.4DFC:cc4cb8f8-9cca-4cf4-a686-27fd50d13619	06923905-91b3-45c0-8c05-67ee1ca1fa65.rna_seq.transcriptome.gdc_realn.bam	f21a22bdc04d6c72481754284f53a96a	13908474175	released
cdc8364e-9b8b-4a7f-bf23-b01c4a76d9c4	drs://dg.4DFC:cdc8364e-9b8b-4a7f-bf23-b01c4a76d9c4	c4479d47-5f2d-434a-8755-59426a635706.rna_seq.transcriptome.gdc_realn.bam	40b9cf3ed965d150f14d59dff1b062b7	14929863297	released
cf526650-f2e1-4769-b4d8-3c42323fbf33	drs://dg.4DFC:cf526650-f2e1-4769-b4d8-3c42323fbf33	6ffec699-3103-4fb8-9c07-6fe6993e7160.rna_seq.transcriptome.gdc_realn.bam	494da2267523c34a1171478d919abd2c	16749200237	released
d0b1ad8d-b7f5-4269-ba42-f3169f57c264	drs://dg.4DFC:d0b1ad8d-b7f5-4269-ba42-f3169f57c264	7c191774-6888-4da8-8491-c83852cfdbe3.rna_seq.transcriptome.gdc_realn.bam	56b0fdd4b2d5709557cd9c4be41bcd5c	18831288899	released
d2e87c39-fc54-4a4d-9075-ecf14ee31519	drs://dg.4DFC:d2e87c39-fc54-4a4d-9075-ecf14ee31519	d60802fc-27f6-41db-ad09-2b5fe91c4820.rna_seq.transcriptome.gdc_realn.bam	a3ad92aa932fd2402e3b785f09a5c00d	12919425912	released
d2f9cd16-2276-4357-89b0-ca1332af6d2f	drs://dg.4DFC:d2f9cd16-2276-4357-89b0-ca1332af6d2f	d9480f8b-3086-4a6f-b349-a3ae5bafe58c.rna_seq.transcriptome.gdc_realn.bam	53845d097a48da93698a64626f52ff46	8694024207	released
d40b08e5-7666-4128-8cd2-fbe973330c55	drs://dg.4DFC:d40b08e5-7666-4128-8cd2-fbe973330c55	5ad41f47-b476-44a6-9c37-ca03d5102e57.rna_seq.transcriptome.gdc_realn.bam	1c1d8fec5481f607ad24b9b3a13cfb95	13701535494	released
d4187517-6a4c-4c91-a7a6-bea25722f1b5	drs://dg.4DFC:d4187517-6a4c-4c91-a7a6-bea25722f1b5	571c33c4-af00-406a-bcb4-353c885ad4bb.rna_seq.transcriptome.gdc_realn.bam	2c02415ca63f9f1cada251fbf9fff302	11778276311	released
d541e545-de28-4d19-891d-327dc528c7f4	drs://dg.4DFC:d541e545-de28-4d19-891d-327dc528c7f4	423a9c2e-2460-410e-b7a5-518a748652b6.rna_seq.transcriptome.gdc_realn.bam	cb162c16070f7ee0288fe493393e9cb6	15845988101	released
d5d6bf77-be31-4cda-8176-64306a92e025	drs://dg.4DFC:d5d6bf77-be31-4cda-8176-64306a92e025	79255954-1b33-4a51-bc0d-6c4cd59183dc.rna_seq.transcriptome.gdc_realn.bam	d643b74d20de755ba833f91a4436660c	19629476957	released
d609c8ed-f852-40fa-beda-35d044104667	drs://dg.4DFC:d609c8ed-f852-40fa-beda-35d044104667	aed00751-a16b-4452-a69b-af47d910b5b5.rna_seq.transcriptome.gdc_realn.bam	eae8a6b084e977217b576a817eaa2220	18432792818	released
d828a80e-25d7-4ddd-bb78-758e8d91bc39	drs://dg.4DFC:d828a80e-25d7-4ddd-bb78-758e8d91bc39	0d902210-381c-4e66-8087-0de815e8d507.rna_seq.transcriptome.gdc_realn.bam	1610ac5f01adfbe3a751bac9ab0797de	12439962954	released
dd853425-7b93-4dc2-a125-c9e06c1ca7f8	drs://dg.4DFC:dd853425-7b93-4dc2-a125-c9e06c1ca7f8	850c83fc-adb5-4f71-bba6-006022c4f4c5.rna_seq.transcriptome.gdc_realn.bam	8d4135dd5c39c44a0d5b926b52fef1b8	7808531057	released
ddaeb762-a333-4317-b14f-d968b5475aa8	drs://dg.4DFC:ddaeb762-a333-4317-b14f-d968b5475aa8	835763c1-a525-401c-bb56-90db5918a621.rna_seq.transcriptome.gdc_realn.bam	ffff1bbe4e74a9e6a4d28a640d62c455	17966548746	released
de155da4-ce83-42fa-aa3c-172b21e53529	drs://dg.4DFC:de155da4-ce83-42fa-aa3c-172b21e53529	3fe63e9d-8cdd-4e22-b1f0-475a23e075f7.rna_seq.transcriptome.gdc_realn.bam	3493d45e57b535bafee95248c815f9a2	12857170788	released
df58a932-eee1-487a-ab62-02ef4c88f21a	drs://dg.4DFC:df58a932-eee1-487a-ab62-02ef4c88f21a	18496158-0c5e-4f32-a8bc-3c946dad43c3.rna_seq.transcriptome.gdc_realn.bam	4ac82e2b86b45495bc7652a827c1f4fa	14959272391	released
dfe18e9e-1101-465d-a5c3-07c19a62f881	drs://dg.4DFC:dfe18e9e-1101-465d-a5c3-07c19a62f881	ac60cc0f-3aa5-4299-94f1-f7094537d906.rna_seq.transcriptome.gdc_realn.bam	98e8ccd28ff2130d4a8400065e144df8	12266865447	released
e25a0a53-c480-4023-b8a1-dda5adba212b	drs://dg.4DFC:e25a0a53-c480-4023-b8a1-dda5adba212b	79ab126d-ba04-45a4-8b1c-6c4e49e61274.rna_seq.transcriptome.gdc_realn.bam	d89a04bb2e83fbe2fa45d7645b1635e1	13725403389	released
e3769a3a-fc95-4e8c-96cd-5bfdacde3c84	drs://dg.4DFC:e3769a3a-fc95-4e8c-96cd-5bfdacde3c84	ae5ec2c3-2f18-42f1-85de-beeaad614cb9.rna_seq.transcriptome.gdc_realn.bam	86bd545674a696fd40d4ce1be3d76a49	14763260845	released
e488157b-f416-485c-8b57-e358b9fca655	drs://dg.4DFC:e488157b-f416-485c-8b57-e358b9fca655	e8ef0c44-d4f6-4541-8623-13fbc21eb202.rna_seq.transcriptome.gdc_realn.bam	8262328de6613af867a29cac1e51b1a8	12179409460	released
e557b32d-c35d-4c8f-88cb-fbbaeeab344e	drs://dg.4DFC:e557b32d-c35d-4c8f-88cb-fbbaeeab344e	c557ca91-4c61-4ad1-8055-957ac5e06055.rna_seq.transcriptome.gdc_realn.bam	bd284af76f0a57be0f4a553fa651d58b	18922300342	released
e6b444c0-40de-463b-89af-ed10c8a8b017	drs://dg.4DFC:e6b444c0-40de-463b-89af-ed10c8a8b017	b65a7b29-61ac-495f-b06c-065909a2971b.rna_seq.transcriptome.gdc_realn.bam	889439fcf9a6f177ed5f20480fd80ee6	19522086821	released
e75887d9-4ea2-4738-b883-cab9706ad8d9	drs://dg.4DFC:e75887d9-4ea2-4738-b883-cab9706ad8d9	d48466f5-2fbe-455a-9e19-2277f71983d5.rna_seq.transcriptome.gdc_realn.bam	955cc2e8f72337b65eb5d13cc89618fa	16245007350	released
e8b856c4-c214-4e1b-9837-85d11805ddc2	drs://dg.4DFC:e8b856c4-c214-4e1b-9837-85d11805ddc2	e1ac88db-c63b-405a-bf22-0c02eab7ecff.rna_seq.transcriptome.gdc_realn.bam	875e266d3e5c899c384a81c09fb4d071	10226684592	released
e9722de9-8304-4289-a81e-b985822ca888	drs://dg.4DFC:e9722de9-8304-4289-a81e-b985822ca888	d69ff3b7-f0f0-4a78-b5ce-b0b4db560d5c.rna_seq.transcriptome.gdc_realn.bam	912f35dba2991a77e1bdb2b2a3b1e810	14875278113	released
ea225bea-e15a-441d-89af-65919b439b5b	drs://dg.4DFC:ea225bea-e15a-441d-89af-65919b439b5b	c317811d-b28a-430e-96e3-23bba15f04a3.rna_seq.transcriptome.gdc_realn.bam	0358725fbaff10f40cf81d8843e984fa	13349606224	released
ea973600-fd6a-46b5-b2fc-179415115d7f	drs://dg.4DFC:ea973600-fd6a-46b5-b2fc-179415115d7f	79351f4f-6f4b-4a1e-bd18-eaa521344822.rna_seq.transcriptome.gdc_realn.bam	bb64ee26a6a6066c592cd08066079433	17251618122	released
ed968069-1404-4e2d-96c3-c7f1c9b8895f	drs://dg.4DFC:ed968069-1404-4e2d-96c3-c7f1c9b8895f	dbf14978-cd5d-4b13-9f04-a5dd55a61376.rna_seq.transcriptome.gdc_realn.bam	fb312e77ccc34df593c6b7a863a0ef83	14792067174	released
ee1d50fa-1def-40c0-b00f-e6fc52ed8abf	drs://dg.4DFC:ee1d50fa-1def-40c0-b00f-e6fc52ed8abf	26afaa53-4039-4efd-a008-9578dea6a301.rna_seq.transcriptome.gdc_realn.bam	85e8567656c159af2d44b7d7bdb22c3f	9626322943	released
efbc1253-b639-454f-a793-bb708db1a5f9	drs://dg.4DFC:efbc1253-b639-454f-a793-bb708db1a5f9	5e07d878-24a4-4efc-8234-daf3c5cd6c0e.rna_seq.transcriptome.gdc_realn.bam	e5bc7c513ddff3f1932eec863c1e07f2	15859935120	released
f12a65fb-5e23-428c-b2ec-fbd9a34a9b78	drs://dg.4DFC:f12a65fb-5e23-428c-b2ec-fbd9a34a9b78	45fcc1a1-d73a-4ec5-95ae-f9ca82c5b3fd.rna_seq.transcriptome.gdc_realn.bam	63a3e06b4f72b50a2914ed7b62363c93	15188268558	released
f275b727-f828-46ed-831c-7eeeae07950b	drs://dg.4DFC:f275b727-f828-46ed-831c-7eeeae07950b	58a65e22-6b31-4dc7-8825-84cec313527a.rna_seq.transcriptome.gdc_realn.bam	50be22cc3627b43d64ae1dafe60001e2	11404867817	released
f291cb39-8e1b-4606-b53e-7c33b14e5071	drs://dg.4DFC:f291cb39-8e1b-4606-b53e-7c33b14e5071	c1f10672-b50f-453b-ba18-3a5858a10bf6.rna_seq.transcriptome.gdc_realn.bam	ddbadce2100e3f4f6e785268af839792	8846345372	released
f459f51e-c1fa-4fb2-981e-84dd25ada28d	drs://dg.4DFC:f459f51e-c1fa-4fb2-981e-84dd25ada28d	380d98b8-85dc-403d-b8b0-b3ed40cb007f.rna_seq.transcriptome.gdc_realn.bam	4b2df403dd6f288ae112b9639aed0499	16122857562	released
f6a5771c-7b98-4155-b6e2-cba941b3a037	drs://dg.4DFC:f6a5771c-7b98-4155-b6e2-cba941b3a037	d8d59d9b-c57a-4383-8962-9204a8b9175a.rna_seq.transcriptome.gdc_realn.bam	82157ac57f7dd710a1f212d6eddb2ea6	13341064767	released
f8ddab3d-c230-4f0f-b044-328e94418925	drs://dg.4DFC:f8ddab3d-c230-4f0f-b044-328e94418925	398002cb-61ec-4f08-add1-cc6e3646e3ec.rna_seq.transcriptome.gdc_realn.bam	486daf408a02f4d1275581cc83b5e7b9	15505027276	released
f930e6eb-1b15-4b98-acd5-806722b77867	drs://dg.4DFC:f930e6eb-1b15-4b98-acd5-806722b77867	2a6ea7b6-7ec3-4226-9d58-37b544e78aec.rna_seq.transcriptome.gdc_realn.bam	61b5880c9a5a10ffb58263d2b65d624a	13724771146	released
fb532e84-1842-4b6b-a4c6-f50213e9b418	drs://dg.4DFC:fb532e84-1842-4b6b-a4c6-f50213e9b418	51370984-04a3-4b46-9627-a346c2af69c6.rna_seq.transcriptome.gdc_realn.bam	8059435e21e4d803892a5e085298e75c	15973979280	released
