File ID	File Name	Data Category	Data Type	Project ID	Case ID	Sample ID	Tissue Type	Tumor Descriptor	Specimen Type	Preservation Method
0ed018af-4ccf-4aea-adfa-527c6bc25c5c	7b06b900-c6a4-4a44-a5e1-b1dbcac11812.rna_seq.transcriptome.gdc_realn.bam	Sequencing Reads	Aligned Reads	TCGA-MESO	TCGA-NQ-A638	TCGA-NQ-A638-01A	Tumor	Primary	Solid Tissue	Unknown
86ba3309-5538-4745-9f30-9fd550dff7cb	e700ff12-b6ed-4f1d-87cc-89aef5d8be8b.rna_seq.transcriptome.gdc_realn.bam	Sequencing Reads	Aligned Reads	TCGA-MESO	TCGA-TS-A8AS	TCGA-TS-A8AS-01A	Tumor	Primary	Solid Tissue	OCT
64fea002-580e-4e3d-843d-c8bec9ccd394	f1183765-f532-499a-aed8-fdd39156a67b.rna_seq.transcriptome.gdc_realn.bam	Sequencing Reads	Aligned Reads	TCGA-MESO	TCGA-TS-A7P1	TCGA-TS-A7P1-01A	Tumor	Primary	Solid Tissue	OCT
e9722de9-8304-4289-a81e-b985822ca888	d69ff3b7-f0f0-4a78-b5ce-b0b4db560d5c.rna_seq.transcriptome.gdc_realn.bam	Sequencing Reads	Aligned Reads	TCGA-MESO	TCGA-3H-AB3X	TCGA-3H-AB3X-01A	Tumor	Primary	Solid Tissue	Unknown
68df72e2-38f2-499b-b6de-0dc07d9f83e5	7fbe42af-819b-49e8-98c6-741188a25a0a.rna_seq.transcriptome.gdc_realn.bam	Sequencing Reads	Aligned Reads	TCGA-MESO	TCGA-UD-AABZ	TCGA-UD-AABZ-01A	Tumor	Primary	Solid Tissue	OCT
e488157b-f416-485c-8b57-e358b9fca655	e8ef0c44-d4f6-4541-8623-13fbc21eb202.rna_seq.transcriptome.gdc_realn.bam	Sequencing Reads	Aligned Reads	TCGA-MESO	TCGA-TS-A7P7	TCGA-TS-A7P7-01A	Tumor	Primary	Solid Tissue	OCT
9c1b08a7-a921-4491-9765-d182182464f1	1f628ca5-8c82-485b-9d0c-294269952c7e.rna_seq.transcriptome.gdc_realn.bam	Sequencing Reads	Aligned Reads	TCGA-MESO	TCGA-LK-A4NZ	TCGA-LK-A4NZ-01A	Tumor	Primary	Solid Tissue	OCT
c81375d5-3cb2-4e08-aafa-c53fa101abbb	a46f7127-9855-4904-ad46-4a05dca69192.rna_seq.transcriptome.gdc_realn.bam	Sequencing Reads	Aligned Reads	TCGA-MESO	TCGA-TS-A7PB	TCGA-TS-A7PB-01A	Tumor	Primary	Solid Tissue	OCT
e557b32d-c35d-4c8f-88cb-fbbaeeab344e	c557ca91-4c61-4ad1-8055-957ac5e06055.rna_seq.transcriptome.gdc_realn.bam	Sequencing Reads	Aligned Reads	TCGA-MESO	TCGA-SH-A7BC	TCGA-SH-A7BC-01A	Tumor	Primary	Solid Tissue	OCT
cb2132c1-f158-43bb-a961-2a6cee170ddc	e3a7e5b8-4ac0-445b-b514-9ce4c169ae2c.rna_seq.transcriptome.gdc_realn.bam	Sequencing Reads	Aligned Reads	TCGA-MESO	TCGA-3U-A98E	TCGA-3U-A98E-01A	Tumor	Primary	Solid Tissue	OCT
0fdfae5a-dd68-4c98-bce5-65ffac884720	5456476c-e60f-49c4-81dd-c664ef616776.rna_seq.transcriptome.gdc_realn.bam	Sequencing Reads	Aligned Reads	TCGA-MESO	TCGA-LK-A4O4	TCGA-LK-A4O4-01A	Tumor	Primary	Solid Tissue	OCT
31f7e062-c246-4f14-8080-76df505a6941	cbbc9f43-6f38-425f-8bed-b8eb0b389a23.rna_seq.transcriptome.gdc_realn.bam	Sequencing Reads	Aligned Reads	TCGA-MESO	TCGA-MQ-A4LP	TCGA-MQ-A4LP-01A	Tumor	Primary	Solid Tissue	OCT
486134fc-5bfa-4c2a-bf6a-56fb457c7544	11864629-bce9-4e38-9bd1-432df0a54e5b.rna_seq.transcriptome.gdc_realn.bam	Sequencing Reads	Aligned Reads	TCGA-MESO	TCGA-3H-AB3K	TCGA-3H-AB3K-01A	Tumor	Primary	Solid Tissue	Unknown
d2e87c39-fc54-4a4d-9075-ecf14ee31519	d60802fc-27f6-41db-ad09-2b5fe91c4820.rna_seq.transcriptome.gdc_realn.bam	Sequencing Reads	Aligned Reads	TCGA-MESO	TCGA-MQ-A6BN	TCGA-MQ-A6BN-01A	Tumor	Primary	Solid Tissue	OCT
4d25fc14-9471-438a-93fe-7b544de1688a	d7243ec1-3f39-4179-b67a-23bbadf55304.rna_seq.transcriptome.gdc_realn.bam	Sequencing Reads	Aligned Reads	TCGA-MESO	TCGA-3U-A98I	TCGA-3U-A98I-01A	Tumor	Primary	Solid Tissue	OCT
ca834e37-4199-4ab6-807d-a26f50e7a553	c49b7f2a-d373-4fc5-9ed4-33a3eed0f3e4.rna_seq.transcriptome.gdc_realn.bam	Sequencing Reads	Aligned Reads	TCGA-MESO	TCGA-ZN-A9VS	TCGA-ZN-A9VS-01A	Tumor	Primary	Solid Tissue	OCT
c4363555-3cb1-4d7f-a30d-1dda61e4abed	bd2fff46-a54a-4a7a-b4a3-03b1e68e5315.rna_seq.transcriptome.gdc_realn.bam	Sequencing Reads	Aligned Reads	TCGA-MESO	TCGA-YS-A95B	TCGA-YS-A95B-01A	Tumor	Primary	Solid Tissue	Unknown
9a3ac794-6e71-4645-bd62-f82133f8a257	6e3baf80-1f0c-4f71-ac17-fad3b2e5f083.rna_seq.transcriptome.gdc_realn.bam	Sequencing Reads	Aligned Reads	TCGA-MESO	TCGA-TS-A7P6	TCGA-TS-A7P6-01A	Tumor	Primary	Solid Tissue	OCT
95f41063-4107-4d41-97f6-a0754a14ddf0	b13b0930-70e8-4d37-8dd6-d45fc633536a.rna_seq.transcriptome.gdc_realn.bam	Sequencing Reads	Aligned Reads	TCGA-MESO	TCGA-SC-A6LQ	TCGA-SC-A6LQ-01A	Tumor	Primary	Solid Tissue	OCT
d0b1ad8d-b7f5-4269-ba42-f3169f57c264	7c191774-6888-4da8-8491-c83852cfdbe3.rna_seq.transcriptome.gdc_realn.bam	Sequencing Reads	Aligned Reads	TCGA-MESO	TCGA-UT-A88E	TCGA-UT-A88E-01B	Tumor	Primary	Solid Tissue	OCT
ac012337-9d61-488f-bf37-ea90b762a237	d5304773-4b14-4f79-8080-dd5e1c044cf5.rna_seq.transcriptome.gdc_realn.bam	Sequencing Reads	Aligned Reads	TCGA-MESO	TCGA-MQ-A6BS	TCGA-MQ-A6BS-01A	Tumor	Primary	Solid Tissue	OCT
32c564f3-d724-48f7-952f-aac5d3ad4480	eccdec4b-f227-4c4a-ba4c-7354b1a5e6ac.rna_seq.transcriptome.gdc_realn.bam	Sequencing Reads	Aligned Reads	TCGA-MESO	TCGA-TS-A8AF	TCGA-TS-A8AF-01A	Tumor	Primary	Solid Tissue	OCT
7cf58926-d1f6-4e2d-bb29-a23bed1119ae	e2cdf208-ea1f-45cd-bc65-69b051aa3c04.rna_seq.transcriptome.gdc_realn.bam	Sequencing Reads	Aligned Reads	TCGA-MESO	TCGA-SC-A6LN	TCGA-SC-A6LN-01A	Tumor	Primary	Solid Tissue	OCT
d4187517-6a4c-4c91-a7a6-bea25722f1b5	571c33c4-af00-406a-bcb4-353c885ad4bb.rna_seq.transcriptome.gdc_realn.bam	Sequencing Reads	Aligned Reads	TCGA-MESO	TCGA-UT-A97Y	TCGA-UT-A97Y-01A	Tumor	Primary	Solid Tissue	OCT
b8f150bb-8da0-4f0f-84d0-5471423c9bda	c54c5280-4ffd-4892-92a6-0267a1c01a5f.rna_seq.transcriptome.gdc_realn.bam	Sequencing Reads	Aligned Reads	TCGA-MESO	TCGA-MQ-A4LM	TCGA-MQ-A4LM-01A	Tumor	Primary	Solid Tissue	OCT
bce6e6e1-86bd-4f6a-89f1-4e4368dc53f3	e5224d62-fba8-445a-8277-1fa915089575.rna_seq.transcriptome.gdc_realn.bam	Sequencing Reads	Aligned Reads	TCGA-MESO	TCGA-UT-A88G	TCGA-UT-A88G-01B	Tumor	Primary	Solid Tissue	OCT
b468f782-a9f2-4b84-84f7-24adc32525b5	1c62b2fe-3d8d-46d2-860c-b97cdcc2cf88.rna_seq.transcriptome.gdc_realn.bam	Sequencing Reads	Aligned Reads	TCGA-MESO	TCGA-3U-A98G	TCGA-3U-A98G-01A	Tumor	Primary	Solid Tissue	OCT
6d29463a-d546-412f-aeeb-92261bab1ac6	f8e97708-5217-4d5f-9056-cd5a13ae8988.rna_seq.transcriptome.gdc_realn.bam	Sequencing Reads	Aligned Reads	TCGA-MESO	TCGA-3H-AB3U	TCGA-3H-AB3U-01A	Tumor	Primary	Solid Tissue	Unknown
416a4f54-aafd-4f0f-9b6a-d19c5fbbf1ac	69f1884b-6c08-478e-80e4-c95e9d574207.rna_seq.transcriptome.gdc_realn.bam	Sequencing Reads	Aligned Reads	TCGA-MESO	TCGA-LK-A4O6	TCGA-LK-A4O6-01A	Tumor	Primary	Solid Tissue	OCT
cf526650-f2e1-4769-b4d8-3c42323fbf33	6ffec699-3103-4fb8-9c07-6fe6993e7160.rna_seq.transcriptome.gdc_realn.bam	Sequencing Reads	Aligned Reads	TCGA-MESO	TCGA-MQ-A4KX	TCGA-MQ-A4KX-01A	Tumor	Primary	Solid Tissue	OCT
d40b08e5-7666-4128-8cd2-fbe973330c55	5ad41f47-b476-44a6-9c37-ca03d5102e57.rna_seq.transcriptome.gdc_realn.bam	Sequencing Reads	Aligned Reads	TCGA-MESO	TCGA-3U-A98J	TCGA-3U-A98J-01A	Tumor	Primary	Solid Tissue	OCT
88ae131d-f6d4-40d2-b3ab-906d834c30d8	ce0965bf-9431-4e72-b182-929fa023bf89.rna_seq.transcriptome.gdc_realn.bam	Sequencing Reads	Aligned Reads	TCGA-MESO	TCGA-TS-A8AV	TCGA-TS-A8AV-01A	Tumor	Primary	Solid Tissue	OCT
48087b04-a1c4-4f1a-ad67-2ee62bd3c13d	4bebecd7-886d-4778-bff5-27d90595f8e7.rna_seq.transcriptome.gdc_realn.bam	Sequencing Reads	Aligned Reads	TCGA-MESO	TCGA-UD-AAC1	TCGA-UD-AAC1-01A	Tumor	Primary	Solid Tissue	OCT
70b0e042-2ddf-4a1d-9de3-7e950c05680d	63684970-af23-45d1-9f20-ee0d7ecc8279.rna_seq.transcriptome.gdc_realn.bam	Sequencing Reads	Aligned Reads	TCGA-MESO	TCGA-UT-A88D	TCGA-UT-A88D-01B	Tumor	Primary	Solid Tissue	OCT
f459f51e-c1fa-4fb2-981e-84dd25ada28d	380d98b8-85dc-403d-b8b0-b3ed40cb007f.rna_seq.transcriptome.gdc_realn.bam	Sequencing Reads	Aligned Reads	TCGA-MESO	TCGA-TS-A7OY	TCGA-TS-A7OY-01A	Tumor	Primary	Solid Tissue	OCT
06a45957-8295-4c8c-aa8b-bb93ac857dce	60f5b069-2d12-4741-bf66-e23185617925.rna_seq.transcriptome.gdc_realn.bam	Sequencing Reads	Aligned Reads	TCGA-MESO	TCGA-3U-A98H	TCGA-3U-A98H-01A	Tumor	Primary	Solid Tissue	OCT
69525890-779a-4ce8-ba6c-8aa96186a99b	c46e9df6-eba7-49c3-a339-2dc82e208a04.rna_seq.transcriptome.gdc_realn.bam	Sequencing Reads	Aligned Reads	TCGA-MESO	TCGA-UD-AABY	TCGA-UD-AABY-01A	Tumor	Primary	Solid Tissue	OCT
496c429e-2a5b-46fd-98a7-26980f275c59	833ca734-3510-4e35-a833-e1de58b3a315.rna_seq.transcriptome.gdc_realn.bam	Sequencing Reads	Aligned Reads	TCGA-MESO	TCGA-UD-AAC5	TCGA-UD-AAC5-01A	Tumor	Primary	Solid Tissue	OCT
7519d177-5993-4c21-bcee-679e575f5e16	0a4a1bec-4376-490b-9abb-cfeb9dd6c74b.rna_seq.transcriptome.gdc_realn.bam	Sequencing Reads	Aligned Reads	TCGA-MESO	TCGA-TS-A8AI	TCGA-TS-A8AI-01A	Tumor	Primary	Solid Tissue	OCT
956a7051-996d-4b3a-9066-f3ad68c23ff3	e90cb716-173a-4c5a-b2fc-c25155c13983.rna_seq.transcriptome.gdc_realn.bam	Sequencing Reads	Aligned Reads	TCGA-MESO	TCGA-TS-A7P8	TCGA-TS-A7P8-01A	Tumor	Primary	Solid Tissue	OCT
e3769a3a-fc95-4e8c-96cd-5bfdacde3c84	ae5ec2c3-2f18-42f1-85de-beeaad614cb9.rna_seq.transcriptome.gdc_realn.bam	Sequencing Reads	Aligned Reads	TCGA-MESO	TCGA-SC-A6LR	TCGA-SC-A6LR-01A	Tumor	Primary	Solid Tissue	OCT
3492412d-f5c2-48f2-a440-35d1a27752d6	82d180d0-774f-48bb-9d36-fcc37f95f761.rna_seq.transcriptome.gdc_realn.bam	Sequencing Reads	Aligned Reads	TCGA-MESO	TCGA-UD-AAC6	TCGA-UD-AAC6-01A	Tumor	Primary	Solid Tissue	OCT
e25a0a53-c480-4023-b8a1-dda5adba212b	79ab126d-ba04-45a4-8b1c-6c4e49e61274.rna_seq.transcriptome.gdc_realn.bam	Sequencing Reads	Aligned Reads	TCGA-MESO	TCGA-UT-A88C	TCGA-UT-A88C-01B	Tumor	Primary	Solid Tissue	OCT
029954c9-ff82-47c8-af86-77df38a07642	8110d0e9-0ae0-46a1-a542-d83e3bb7219e.rna_seq.transcriptome.gdc_realn.bam	Sequencing Reads	Aligned Reads	TCGA-MESO	TCGA-SC-A6LP	TCGA-SC-A6LP-01A	Tumor	Primary	Solid Tissue	OCT
12504c6c-4496-4491-97ec-7d706332b669	4ccbeffb-ea85-4ce5-95cf-72d99687eb7d.rna_seq.transcriptome.gdc_realn.bam	Sequencing Reads	Aligned Reads	TCGA-MESO	TCGA-ZN-A9VV	TCGA-ZN-A9VV-01A	Tumor	Primary	Solid Tissue	OCT
9cf8e8e8-ba93-4733-a6d7-5e7788fbca03	abafc0e6-d123-4176-a7dc-98b9af3dbf22.rna_seq.transcriptome.gdc_realn.bam	Sequencing Reads	Aligned Reads	TCGA-MESO	TCGA-TS-A7OZ	TCGA-TS-A7OZ-01A	Tumor	Primary	Solid Tissue	OCT
0994f3c2-4851-409c-9f7b-a41cb5c1c2e4	7a1d80d7-d1ee-4fc0-8299-cbf119263b52.rna_seq.transcriptome.gdc_realn.bam	Sequencing Reads	Aligned Reads	TCGA-MESO	TCGA-ZN-A9VP	TCGA-ZN-A9VP-01A	Tumor	Primary	Solid Tissue	OCT
074a3301-8f8e-4deb-a97b-9e00bc91e1e5	8529e2ae-7e2c-4e4f-8008-0e05e090803d.rna_seq.transcriptome.gdc_realn.bam	Sequencing Reads	Aligned Reads	TCGA-MESO	TCGA-3H-AB3M	TCGA-3H-AB3M-01A	Tumor	Primary	Solid Tissue	Unknown
6fe82309-2b1d-40e4-8425-a6031fd31709	b8fb6e54-cec8-43b5-a6ab-ee698baad631.rna_seq.transcriptome.gdc_realn.bam	Sequencing Reads	Aligned Reads	TCGA-MESO	TCGA-SC-AA5Z	TCGA-SC-AA5Z-01A	Tumor	Primary	Solid Tissue	OCT
efbc1253-b639-454f-a793-bb708db1a5f9	5e07d878-24a4-4efc-8234-daf3c5cd6c0e.rna_seq.transcriptome.gdc_realn.bam	Sequencing Reads	Aligned Reads	TCGA-MESO	TCGA-3U-A98F	TCGA-3U-A98F-01A	Tumor	Primary	Solid Tissue	OCT
b003b811-fdc6-4c91-a684-9a34988f053c	f24feca2-99bc-4fda-96df-9b6f775f2b7e.rna_seq.transcriptome.gdc_realn.bam	Sequencing Reads	Aligned Reads	TCGA-MESO	TCGA-MQ-A4LV	TCGA-MQ-A4LV-01A	Tumor	Primary	Solid Tissue	OCT
b2e33850-3667-469b-b20d-48e050037108	6e09d1b0-6ba9-4276-b388-6ba4103bd881.rna_seq.transcriptome.gdc_realn.bam	Sequencing Reads	Aligned Reads	TCGA-MESO	TCGA-TS-A7P3	TCGA-TS-A7P3-01A	Tumor	Primary	Solid Tissue	OCT
acc69250-8ee3-4f75-9141-709cb664ac6a	0c7e4640-0092-4931-b84f-fd1bef907348.rna_seq.transcriptome.gdc_realn.bam	Sequencing Reads	Aligned Reads	TCGA-MESO	TCGA-UD-AAC7	TCGA-UD-AAC7-01A	Tumor	Primary	Solid Tissue	OCT
857e990f-7456-4c6f-9fcd-5bd8ea4385be	f8fae9b4-d6ff-4dc9-9018-15d91a8ed36e.rna_seq.transcriptome.gdc_realn.bam	Sequencing Reads	Aligned Reads	TCGA-MESO	TCGA-3H-AB3S	TCGA-3H-AB3S-01A	Tumor	Primary	Solid Tissue	Unknown
c4f89b88-ea29-4e6a-8427-87854a56c3e2	5cc46e4b-5773-46a8-b3bf-6a3d79b2eb93.rna_seq.transcriptome.gdc_realn.bam	Sequencing Reads	Aligned Reads	TCGA-MESO	TCGA-3H-AB3T	TCGA-3H-AB3T-01A	Tumor	Primary	Solid Tissue	Unknown
7e4dc9f9-1fd1-4ee2-a65d-b073ae2b00b2	6730223d-40d4-4a9f-a93d-0a7329616ca3.rna_seq.transcriptome.gdc_realn.bam	Sequencing Reads	Aligned Reads	TCGA-MESO	TCGA-MQ-A4LI	TCGA-MQ-A4LI-01A	Tumor	Primary	Solid Tissue	OCT
2e0c8a45-1df8-44ae-b83d-f6d94941f4f6	1fccaea9-1266-4b3c-a457-7eac409de325.rna_seq.transcriptome.gdc_realn.bam	Sequencing Reads	Aligned Reads	TCGA-MESO	TCGA-UD-AAC4	TCGA-UD-AAC4-01A	Tumor	Primary	Solid Tissue	OCT
b5759218-6e8d-4e79-be9f-a7cb7d876795	657b314e-ebeb-4d4f-9f51-13e608551c70.rna_seq.transcriptome.gdc_realn.bam	Sequencing Reads	Aligned Reads	TCGA-MESO	TCGA-LK-A4O2	TCGA-LK-A4O2-01A	Tumor	Primary	Solid Tissue	OCT
7b522d34-8693-4b4e-acdb-c82e60a9a8fe	935b3e7d-ca6c-4783-a8d1-6edb67a6f16a.rna_seq.transcriptome.gdc_realn.bam	Sequencing Reads	Aligned Reads	TCGA-MESO	TCGA-SH-A7BD	TCGA-SH-A7BD-01A	Tumor	Primary	Solid Tissue	OCT
c8315d9b-b04a-48f9-a99d-56630fb00bd9	4ca2be70-e2b2-4063-b6da-58d6110a43ba.rna_seq.transcriptome.gdc_realn.bam	Sequencing Reads	Aligned Reads	TCGA-MESO	TCGA-3H-AB3L	TCGA-3H-AB3L-01A	Tumor	Primary	Solid Tissue	Unknown
86296bce-a9b4-46f6-af30-d0f557b24bf4	14e1fb9f-ad56-4de1-88f2-3ca2c208fa4f.rna_seq.transcriptome.gdc_realn.bam	Sequencing Reads	Aligned Reads	TCGA-MESO	TCGA-TS-A7OU	TCGA-TS-A7OU-01B	Tumor	Primary	Solid Tissue	OCT
15324cf4-2520-4394-958b-1d5a6d45eab0	068fb718-0419-4ae0-a4e4-df86e352a0ff.rna_seq.transcriptome.gdc_realn.bam	Sequencing Reads	Aligned Reads	TCGA-MESO	TCGA-LK-A4O7	TCGA-LK-A4O7-01A	Tumor	Primary	Solid Tissue	OCT
9e711dab-3085-40e5-bb81-6372c9d775bb	304d1c41-8a4b-4068-ab27-8cea5a065e80.rna_seq.transcriptome.gdc_realn.bam	Sequencing Reads	Aligned Reads	TCGA-UVM	TCGA-VD-A8KH	TCGA-VD-A8KH-01A	Tumor	Primary	Solid Tissue	Unknown
1e003406-5f43-4898-a6e3-8b2e33649c58	d720c62a-64a3-40b6-9400-7fc41e0f12f2.rna_seq.transcriptome.gdc_realn.bam	Sequencing Reads	Aligned Reads	TCGA-UVM	TCGA-VD-AA8N	TCGA-VD-AA8N-01A	Tumor	Primary	Solid Tissue	Unknown
53aa628c-6af8-4a4f-8a06-7819409e3fc9	f9862bd4-4530-4ba9-b940-658d39907222.rna_seq.transcriptome.gdc_realn.bam	Sequencing Reads	Aligned Reads	TCGA-UVM	TCGA-YZ-A984	TCGA-YZ-A984-01A	Tumor	Primary	Solid Tissue	Unknown
c758cbca-f35c-4de2-ab25-6086d54c4b5a	c1867a9a-942f-46f9-b7ff-bfe8edb04f6d.rna_seq.transcriptome.gdc_realn.bam	Sequencing Reads	Aligned Reads	TCGA-UVM	TCGA-VD-AA8T	TCGA-VD-AA8T-01A	Tumor	Primary	Solid Tissue	Unknown
bd3554ab-6fd6-4075-9700-b82d0ddaef53	74e2edb8-5d55-48b2-a24d-2d76db8a04bd.rna_seq.transcriptome.gdc_realn.bam	Sequencing Reads	Aligned Reads	TCGA-UVM	TCGA-V4-A9EH	TCGA-V4-A9EH-01A	Tumor	Primary	Solid Tissue	Unknown
226a1449-8774-4f94-a22b-e431170dbde0	3e391ede-f7b1-46ef-ae6e-24cfed805095.rna_seq.transcriptome.gdc_realn.bam	Sequencing Reads	Aligned Reads	TCGA-UVM	TCGA-VD-A8KM	TCGA-VD-A8KM-01A	Tumor	Primary	Solid Tissue	Unknown
a8ed2248-843f-4a83-a982-5d5ad43dde6c	f42e7ae4-f25b-4cec-a514-cd7f47dd43b8.rna_seq.transcriptome.gdc_realn.bam	Sequencing Reads	Aligned Reads	TCGA-UVM	TCGA-WC-A880	TCGA-WC-A880-01A	Tumor	Primary	Solid Tissue	OCT
3c95dabd-4d59-4f1f-9a0a-19fcb9f69b98	f94feb03-e191-4328-9818-7220696e3a86.rna_seq.transcriptome.gdc_realn.bam	Sequencing Reads	Aligned Reads	TCGA-UVM	TCGA-WC-A87Y	TCGA-WC-A87Y-01A	Tumor	Primary	Solid Tissue	OCT
ee1d50fa-1def-40c0-b00f-e6fc52ed8abf	26afaa53-4039-4efd-a008-9578dea6a301.rna_seq.transcriptome.gdc_realn.bam	Sequencing Reads	Aligned Reads	TCGA-UVM	TCGA-V4-A9F2	TCGA-V4-A9F2-01A	Tumor	Primary	Solid Tissue	Unknown
5199ac61-3f1f-4ff3-9577-c7b297446758	30df08e9-e6be-4c16-91e1-4e7de6adddea.rna_seq.transcriptome.gdc_realn.bam	Sequencing Reads	Aligned Reads	TCGA-UVM	TCGA-WC-AA9A	TCGA-WC-AA9A-01A	Tumor	Primary	Solid Tissue	Unknown
6027207d-3dc2-4d23-9344-3bebd6116f83	8dbf5d9d-67b7-4107-a596-6af42710b7b6.rna_seq.transcriptome.gdc_realn.bam	Sequencing Reads	Aligned Reads	TCGA-UVM	TCGA-WC-A87W	TCGA-WC-A87W-01A	Tumor	Primary	Solid Tissue	OCT
1a8404bc-061b-4468-96ec-322ad4915a36	b72d0a6b-8984-4854-b4b3-3f4671a0bff5.rna_seq.transcriptome.gdc_realn.bam	Sequencing Reads	Aligned Reads	TCGA-UVM	TCGA-V4-A9ED	TCGA-V4-A9ED-01A	Tumor	Primary	Solid Tissue	Unknown
59e4aa9f-2af0-4393-88ae-657056b1fe92	96e154ab-2822-4477-990e-4b65e6d1432b.rna_seq.transcriptome.gdc_realn.bam	Sequencing Reads	Aligned Reads	TCGA-UVM	TCGA-V4-A9F8	TCGA-V4-A9F8-01A	Tumor	Primary	Solid Tissue	Unknown
698ef341-e4f4-4fb9-ad9d-387dcf6c4980	37f52ca5-99ff-44e5-8753-ea97dab7f958.rna_seq.transcriptome.gdc_realn.bam	Sequencing Reads	Aligned Reads	TCGA-UVM	TCGA-VD-A8K8	TCGA-VD-A8K8-01A	Tumor	Primary	Solid Tissue	Unknown
b7e119af-a3cc-4bd9-a165-6dafc9e4ee23	0df5b21d-6ab0-4d21-a801-9e0dd4230ffb.rna_seq.transcriptome.gdc_realn.bam	Sequencing Reads	Aligned Reads	TCGA-UVM	TCGA-V3-A9ZX	TCGA-V3-A9ZX-01A	Tumor	Primary	Solid Tissue	OCT
df58a932-eee1-487a-ab62-02ef4c88f21a	18496158-0c5e-4f32-a8bc-3c946dad43c3.rna_seq.transcriptome.gdc_realn.bam	Sequencing Reads	Aligned Reads	TCGA-UVM	TCGA-WC-A884	TCGA-WC-A884-01A	Tumor	Primary	Solid Tissue	OCT
5e1caea4-a12d-43a4-b01c-864bd9aee706	89acdd18-8dbd-4d4d-8b92-b88b82f8c0c7.rna_seq.transcriptome.gdc_realn.bam	Sequencing Reads	Aligned Reads	TCGA-UVM	TCGA-YZ-A982	TCGA-YZ-A982-01A	Tumor	Primary	Solid Tissue	Unknown
d5d6bf77-be31-4cda-8176-64306a92e025	79255954-1b33-4a51-bc0d-6c4cd59183dc.rna_seq.transcriptome.gdc_realn.bam	Sequencing Reads	Aligned Reads	TCGA-UVM	TCGA-VD-AA8R	TCGA-VD-AA8R-01A	Tumor	Primary	Solid Tissue	Unknown
133d4d91-c82b-4117-8c6c-a0415f1aacda	23d3ea07-1507-4b92-b05b-5c464ecb9858.rna_seq.transcriptome.gdc_realn.bam	Sequencing Reads	Aligned Reads	TCGA-UVM	TCGA-VD-A8KB	TCGA-VD-A8KB-01A	Tumor	Primary	Solid Tissue	Unknown
3a4d40a2-d515-416c-9a6c-83dceda607e7	d12f92f8-960c-4969-adec-fa55ce64fbee.rna_seq.transcriptome.gdc_realn.bam	Sequencing Reads	Aligned Reads	TCGA-UVM	TCGA-V4-A9E5	TCGA-V4-A9E5-01A	Tumor	Primary	Solid Tissue	Unknown
b4bb0698-c59f-4831-8dd8-1256fc39ce71	3a9a7eaf-120e-4c63-8185-a27f697ce299.rna_seq.transcriptome.gdc_realn.bam	Sequencing Reads	Aligned Reads	TCGA-UVM	TCGA-V4-A9F4	TCGA-V4-A9F4-01A	Tumor	Primary	Solid Tissue	Unknown
045116bc-1c37-42b8-b6d0-c3846e92b7e1	bdae6108-fe46-463f-98de-58d5f680bdaf.rna_seq.transcriptome.gdc_realn.bam	Sequencing Reads	Aligned Reads	TCGA-UVM	TCGA-V4-A9EM	TCGA-V4-A9EM-01A	Tumor	Primary	Solid Tissue	Unknown
5a5e5f93-28b4-4c11-9347-a7e0290a8999	2aa9348e-e78c-4af8-9aa1-ac2a0771ea7c.rna_seq.transcriptome.gdc_realn.bam	Sequencing Reads	Aligned Reads	TCGA-UVM	TCGA-V4-A9EX	TCGA-V4-A9EX-01A	Tumor	Primary	Solid Tissue	Unknown
3a7ded19-e5c7-431c-a71c-b561da55d2be	9b127b39-c64a-4863-bbb7-615d53ebe7f8.rna_seq.transcriptome.gdc_realn.bam	Sequencing Reads	Aligned Reads	TCGA-UVM	TCGA-VD-A8KD	TCGA-VD-A8KD-01A	Tumor	Primary	Solid Tissue	Unknown
cdc8364e-9b8b-4a7f-bf23-b01c4a76d9c4	c4479d47-5f2d-434a-8755-59426a635706.rna_seq.transcriptome.gdc_realn.bam	Sequencing Reads	Aligned Reads	TCGA-UVM	TCGA-WC-A883	TCGA-WC-A883-01A	Tumor	Primary	Solid Tissue	OCT
fb532e84-1842-4b6b-a4c6-f50213e9b418	51370984-04a3-4b46-9627-a346c2af69c6.rna_seq.transcriptome.gdc_realn.bam	Sequencing Reads	Aligned Reads	TCGA-UVM	TCGA-V4-A9EL	TCGA-V4-A9EL-01A	Tumor	Primary	Solid Tissue	Unknown
82313c4c-817e-47ac-a1f4-ba11e8de6bf7	e089d94c-a4d2-44ff-b8e7-2fa6838f0bc5.rna_seq.transcriptome.gdc_realn.bam	Sequencing Reads	Aligned Reads	TCGA-UVM	TCGA-VD-A8KF	TCGA-VD-A8KF-01A	Tumor	Primary	Solid Tissue	Unknown
4a8af74d-cdd5-4739-ac2a-f6b2b244bae4	66697b8e-4ffe-4ed5-933f-1d11eda9a7d5.rna_seq.transcriptome.gdc_realn.bam	Sequencing Reads	Aligned Reads	TCGA-UVM	TCGA-V4-A9EA	TCGA-V4-A9EA-01A	Tumor	Primary	Solid Tissue	Unknown
b5572318-24a3-4438-9d32-81171109bf36	5b47289b-49a4-40c2-9089-34fd811149d2.rna_seq.transcriptome.gdc_realn.bam	Sequencing Reads	Aligned Reads	TCGA-UVM	TCGA-WC-A885	TCGA-WC-A885-01A	Tumor	Primary	Solid Tissue	OCT
de155da4-ce83-42fa-aa3c-172b21e53529	3fe63e9d-8cdd-4e22-b1f0-475a23e075f7.rna_seq.transcriptome.gdc_realn.bam	Sequencing Reads	Aligned Reads	TCGA-UVM	TCGA-V4-A9E7	TCGA-V4-A9E7-01A	Tumor	Primary	Solid Tissue	Unknown
18f23253-5d5e-4d0e-b17d-b0c8c7846b31	382cce5b-8d34-481d-b746-d1defc817a08.rna_seq.transcriptome.gdc_realn.bam	Sequencing Reads	Aligned Reads	TCGA-UVM	TCGA-V4-A9F5	TCGA-V4-A9F5-01A	Tumor	Primary	Solid Tissue	Unknown
bbb78fc1-68a7-4e89-8a7d-74f3e959f295	4d335987-6d71-4ef3-9655-e33fe642d381.rna_seq.transcriptome.gdc_realn.bam	Sequencing Reads	Aligned Reads	TCGA-UVM	TCGA-V4-A9ES	TCGA-V4-A9ES-01A	Tumor	Primary	Solid Tissue	Unknown
0f55cfa3-0be3-446c-97b4-50e81d65142c	04a9005f-3104-49f0-a957-dd77c3c60679.rna_seq.transcriptome.gdc_realn.bam	Sequencing Reads	Aligned Reads	TCGA-UVM	TCGA-VD-A8KE	TCGA-VD-A8KE-01A	Tumor	Primary	Solid Tissue	Unknown
62fbaaae-4c23-443d-8d42-fd6c5cf701a4	e66cc51e-3029-4568-b546-6278e993189f.rna_seq.transcriptome.gdc_realn.bam	Sequencing Reads	Aligned Reads	TCGA-UVM	TCGA-V4-A9F3	TCGA-V4-A9F3-01A	Tumor	Primary	Solid Tissue	Unknown
2e543e55-4b6f-4d2c-999c-f1397e5ce788	aa816c97-1621-4bb0-bded-07e8e1c06f09.rna_seq.transcriptome.gdc_realn.bam	Sequencing Reads	Aligned Reads	TCGA-UVM	TCGA-YZ-A985	TCGA-YZ-A985-01A	Tumor	Primary	Solid Tissue	Unknown
6d841c28-6453-4c20-bb3e-a76a387aa304	9d285856-ea63-4cf3-9827-fbd6d8cbfae8.rna_seq.transcriptome.gdc_realn.bam	Sequencing Reads	Aligned Reads	TCGA-UVM	TCGA-V4-A9EE	TCGA-V4-A9EE-01A	Tumor	Primary	Solid Tissue	Unknown
d828a80e-25d7-4ddd-bb78-758e8d91bc39	0d902210-381c-4e66-8087-0de815e8d507.rna_seq.transcriptome.gdc_realn.bam	Sequencing Reads	Aligned Reads	TCGA-UVM	TCGA-V4-A9EC	TCGA-V4-A9EC-01A	Tumor	Primary	Solid Tissue	Unknown
b7bd28b3-9eb2-4b2a-84a7-00c8fa3b61a2	4080d310-a86e-4a51-b160-dd3d4531e893.rna_seq.transcriptome.gdc_realn.bam	Sequencing Reads	Aligned Reads	TCGA-MESO	TCGA-LK-A4NY	TCGA-LK-A4NY-01A	Tumor	Primary	Solid Tissue	OCT
ed968069-1404-4e2d-96c3-c7f1c9b8895f	dbf14978-cd5d-4b13-9f04-a5dd55a61376.rna_seq.transcriptome.gdc_realn.bam	Sequencing Reads	Aligned Reads	TCGA-MESO	TCGA-TS-A8AY	TCGA-TS-A8AY-01A	Tumor	Primary	Solid Tissue	OCT
8f03972b-f546-43d0-9be0-3eb5f931141e	527b4d93-7c73-4e94-9d9c-c7e4fb7e2a7b.rna_seq.transcriptome.gdc_realn.bam	Sequencing Reads	Aligned Reads	TCGA-MESO	TCGA-NQ-A57I	TCGA-NQ-A57I-01A	Tumor	Primary	Solid Tissue	Unknown
6dbbf267-8fac-493e-ba4b-b5948e135cf2	bb23d5de-c9a8-44be-b08f-1af8aba78518.rna_seq.transcriptome.gdc_realn.bam	Sequencing Reads	Aligned Reads	TCGA-MESO	TCGA-LK-A4O0	TCGA-LK-A4O0-01A	Tumor	Primary	Solid Tissue	OCT
8a7aef97-c650-41ee-b067-4b4d3dad41d2	c79c78cb-8192-4ae0-801b-35ba76a35841.rna_seq.transcriptome.gdc_realn.bam	Sequencing Reads	Aligned Reads	TCGA-MESO	TCGA-MQ-A6BR	TCGA-MQ-A6BR-01A	Tumor	Primary	Solid Tissue	OCT
cc4cb8f8-9cca-4cf4-a686-27fd50d13619	06923905-91b3-45c0-8c05-67ee1ca1fa65.rna_seq.transcriptome.gdc_realn.bam	Sequencing Reads	Aligned Reads	TCGA-MESO	TCGA-MQ-A6BL	TCGA-MQ-A6BL-01A	Tumor	Primary	Solid Tissue	OCT
d609c8ed-f852-40fa-beda-35d044104667	aed00751-a16b-4452-a69b-af47d910b5b5.rna_seq.transcriptome.gdc_realn.bam	Sequencing Reads	Aligned Reads	TCGA-MESO	TCGA-XT-AASU	TCGA-XT-AASU-01A	Tumor	Primary	Solid Tissue	OCT
afda9382-42c7-4887-8208-0815fa0e1f8a	79caabb5-c799-4d32-916b-f9cb8aaba2df.rna_seq.transcriptome.gdc_realn.bam	Sequencing Reads	Aligned Reads	TCGA-MESO	TCGA-LK-A4NW	TCGA-LK-A4NW-01A	Tumor	Primary	Solid Tissue	OCT
a2c9df2a-6b2c-481d-93b4-3ebbac9cfc2a	5345094f-dc9b-4dda-90ae-ec8749e49163.rna_seq.transcriptome.gdc_realn.bam	Sequencing Reads	Aligned Reads	TCGA-MESO	TCGA-3H-AB3O	TCGA-3H-AB3O-01A	Tumor	Primary	Solid Tissue	Unknown
ddaeb762-a333-4317-b14f-d968b5475aa8	835763c1-a525-401c-bb56-90db5918a621.rna_seq.transcriptome.gdc_realn.bam	Sequencing Reads	Aligned Reads	TCGA-MESO	TCGA-ZN-A9VW	TCGA-ZN-A9VW-01A	Tumor	Primary	Solid Tissue	OCT
8345b1af-93b4-41b2-85b7-63b3686cebef	a250831f-b26a-4646-839f-69c46cfc2c4d.rna_seq.transcriptome.gdc_realn.bam	Sequencing Reads	Aligned Reads	TCGA-MESO	TCGA-YS-AA4M	TCGA-YS-AA4M-01A	Tumor	Primary	Solid Tissue	Unknown
94537581-fab2-48e6-96f5-5069ad77301c	02204e67-61ec-4407-a8f4-daab9082498e.rna_seq.transcriptome.gdc_realn.bam	Sequencing Reads	Aligned Reads	TCGA-MESO	TCGA-ZN-A9VO	TCGA-ZN-A9VO-01A	Tumor	Primary	Solid Tissue	OCT
f275b727-f828-46ed-831c-7eeeae07950b	58a65e22-6b31-4dc7-8825-84cec313527a.rna_seq.transcriptome.gdc_realn.bam	Sequencing Reads	Aligned Reads	TCGA-MESO	TCGA-YS-A95C	TCGA-YS-A95C-01A	Tumor	Primary	Solid Tissue	Unknown
0f30c9ef-430f-45aa-b205-bb58d9c7b19f	defe3788-4e3e-4a4f-bf6f-41840c3f0b6c.rna_seq.transcriptome.gdc_realn.bam	Sequencing Reads	Aligned Reads	TCGA-MESO	TCGA-LK-A4O5	TCGA-LK-A4O5-01A	Tumor	Primary	Solid Tissue	OCT
c6eed352-fd2b-42d6-a0e5-fe26dcde12a3	74b176ff-ceec-469a-8d33-87f9492f044c.rna_seq.transcriptome.gdc_realn.bam	Sequencing Reads	Aligned Reads	TCGA-MESO	TCGA-3U-A98D	TCGA-3U-A98D-01A	Tumor	Primary	Solid Tissue	OCT
d541e545-de28-4d19-891d-327dc528c7f4	423a9c2e-2460-410e-b7a5-518a748652b6.rna_seq.transcriptome.gdc_realn.bam	Sequencing Reads	Aligned Reads	TCGA-MESO	TCGA-MQ-A4LJ	TCGA-MQ-A4LJ-01A	Tumor	Primary	Solid Tissue	OCT
f8ddab3d-c230-4f0f-b044-328e94418925	398002cb-61ec-4f08-add1-cc6e3646e3ec.rna_seq.transcriptome.gdc_realn.bam	Sequencing Reads	Aligned Reads	TCGA-MESO	TCGA-TS-A7P0	TCGA-TS-A7P0-01A	Tumor	Primary	Solid Tissue	OCT
985c1c55-985e-41e8-ae0c-b71eaec58856	853dbd81-9079-4d4f-aa38-05b04b159667.rna_seq.transcriptome.gdc_realn.bam	Sequencing Reads	Aligned Reads	TCGA-MESO	TCGA-MQ-A6BQ	TCGA-MQ-A6BQ-01A	Tumor	Primary	Solid Tissue	OCT
8df199ab-ec31-4161-946d-469e81c0ae3c	b0b965b6-bf81-47f6-a677-2f3886e8b6bf.rna_seq.transcriptome.gdc_realn.bam	Sequencing Reads	Aligned Reads	TCGA-MESO	TCGA-SH-A7BH	TCGA-SH-A7BH-01A	Tumor	Primary	Solid Tissue	OCT
9c2581db-55ee-42ac-8fa4-a29a3d0e69a0	0cf30abd-2531-4c1e-998e-3c6b7a89e5b8.rna_seq.transcriptome.gdc_realn.bam	Sequencing Reads	Aligned Reads	TCGA-MESO	TCGA-SC-A6LM	TCGA-SC-A6LM-01A	Tumor	Primary	Solid Tissue	OCT
20420557-d9b5-4922-b98f-a871871dc33d	9ab4b2fd-3e78-495d-a165-08dcd36f9acc.rna_seq.transcriptome.gdc_realn.bam	Sequencing Reads	Aligned Reads	TCGA-MESO	TCGA-MQ-A4LC	TCGA-MQ-A4LC-01A	Tumor	Primary	Solid Tissue	OCT
b2eef180-fac0-446d-a22d-0e5a397c8f1f	52b23325-cbd7-47a0-9d72-fc00fd73bfa7.rna_seq.transcriptome.gdc_realn.bam	Sequencing Reads	Aligned Reads	TCGA-MESO	TCGA-SH-A9CT	TCGA-SH-A9CT-01A	Tumor	Primary	Solid Tissue	OCT
79d7b1f5-470e-4806-bc8f-106cd444992e	83ac49d2-f8f8-4e1d-9df6-ac82a61cab24.rna_seq.transcriptome.gdc_realn.bam	Sequencing Reads	Aligned Reads	TCGA-MESO	TCGA-ZN-A9VU	TCGA-ZN-A9VU-01A	Tumor	Primary	Solid Tissue	OCT
b6f229c0-f370-4ea8-9492-66ba6175af23	7ca87e60-cc5f-4712-a32e-e1a9e13b02a4.rna_seq.transcriptome.gdc_realn.bam	Sequencing Reads	Aligned Reads	TCGA-MESO	TCGA-SH-A9CU	TCGA-SH-A9CU-01A	Tumor	Primary	Solid Tissue	OCT
64b35170-8795-4d5e-a6c7-5511c818efff	a87cc623-e67b-44c7-85c3-a2e4bcc32220.rna_seq.transcriptome.gdc_realn.bam	Sequencing Reads	Aligned Reads	TCGA-MESO	TCGA-ZN-A9VQ	TCGA-ZN-A9VQ-01A	Tumor	Primary	Solid Tissue	OCT
14a239ec-986a-4e20-a923-f3074e39cf56	61b1ca49-d26b-432d-bc34-98c4644f8b4f.rna_seq.transcriptome.gdc_realn.bam	Sequencing Reads	Aligned Reads	TCGA-UVM	TCGA-VD-A8KK	TCGA-VD-A8KK-01A	Tumor	Primary	Solid Tissue	Unknown
01e6b206-c197-4eaa-806a-68bb090f4064	d6833afe-f5dd-4a0d-8778-666f7e52224f.rna_seq.transcriptome.gdc_realn.bam	Sequencing Reads	Aligned Reads	TCGA-UVM	TCGA-YZ-A980	TCGA-YZ-A980-01A	Tumor	Primary	Solid Tissue	Unknown
ab655b56-cb4f-4831-8d9b-b5f544d51de8	97aede8f-8315-4d49-8f04-41b4c266d78c.rna_seq.transcriptome.gdc_realn.bam	Sequencing Reads	Aligned Reads	TCGA-UVM	TCGA-VD-AA8P	TCGA-VD-AA8P-01A	Tumor	Primary	Solid Tissue	Unknown
f291cb39-8e1b-4606-b53e-7c33b14e5071	c1f10672-b50f-453b-ba18-3a5858a10bf6.rna_seq.transcriptome.gdc_realn.bam	Sequencing Reads	Aligned Reads	TCGA-UVM	TCGA-V4-A9EY	TCGA-V4-A9EY-01A	Tumor	Primary	Solid Tissue	Unknown
50989255-9b82-4b38-b467-a5b6d913a328	05ec7139-df1a-48af-8d31-0acb26ee037b.rna_seq.transcriptome.gdc_realn.bam	Sequencing Reads	Aligned Reads	TCGA-UVM	TCGA-RZ-AB0B	TCGA-RZ-AB0B-01A	Tumor	Primary	Solid Tissue	Unknown
f12a65fb-5e23-428c-b2ec-fbd9a34a9b78	45fcc1a1-d73a-4ec5-95ae-f9ca82c5b3fd.rna_seq.transcriptome.gdc_realn.bam	Sequencing Reads	Aligned Reads	TCGA-UVM	TCGA-VD-A8KO	TCGA-VD-A8KO-01A	Tumor	Primary	Solid Tissue	Unknown
b5a04114-f409-45af-a8d4-097ae88e551a	7850ab16-4701-4e05-b2b8-6086b8ed63bb.rna_seq.transcriptome.gdc_realn.bam	Sequencing Reads	Aligned Reads	TCGA-UVM	TCGA-VD-A8KG	TCGA-VD-A8KG-01A	Tumor	Primary	Solid Tissue	Unknown
61407601-5c4e-4a6e-987a-953404093406	7dcf88b1-efbf-4d15-8702-c089871ec52e.rna_seq.transcriptome.gdc_realn.bam	Sequencing Reads	Aligned Reads	TCGA-UVM	TCGA-V4-A9EK	TCGA-V4-A9EK-01A	Tumor	Primary	Solid Tissue	Unknown
58a7f703-6ae0-441e-86b9-0eaa159f8184	06cbde58-ac14-4736-ad91-0ba2bf399527.rna_seq.transcriptome.gdc_realn.bam	Sequencing Reads	Aligned Reads	TCGA-UVM	TCGA-WC-A87U	TCGA-WC-A87U-01A	Tumor	Primary	Solid Tissue	OCT
2c0c65dc-92ac-4952-aff6-da649a11e12b	cc372dbb-e7ea-457f-ae2b-7d0ba5a0a2dd.rna_seq.transcriptome.gdc_realn.bam	Sequencing Reads	Aligned Reads	TCGA-UVM	TCGA-VD-A8K7	TCGA-VD-A8K7-01B	Tumor	Primary	Solid Tissue	Unknown
548d265a-2924-48e0-9e9f-15515ae7b8bf	00922fb6-95ec-458b-9f4e-9811cbb643eb.rna_seq.transcriptome.gdc_realn.bam	Sequencing Reads	Aligned Reads	TCGA-UVM	TCGA-WC-A88A	TCGA-WC-A88A-01A	Tumor	Primary	Solid Tissue	OCT
868c2703-96e2-4333-b6ae-94566527d6f8	ecaf1c57-1d8e-49e4-84a3-6c371c5314f3.rna_seq.transcriptome.gdc_realn.bam	Sequencing Reads	Aligned Reads	TCGA-UVM	TCGA-V4-A9EF	TCGA-V4-A9EF-01A	Tumor	Primary	Solid Tissue	Unknown
c6d4133c-504d-4c6e-b83b-1d7930aaf164	72d9b028-1c20-4835-a7f9-882e5dd80797.rna_seq.transcriptome.gdc_realn.bam	Sequencing Reads	Aligned Reads	TCGA-UVM	TCGA-V4-A9F0	TCGA-V4-A9F0-01A	Tumor	Primary	Solid Tissue	Unknown
6df0bef4-475d-4b18-83b9-057bf7d76f8f	2bbc05dc-29d8-4f22-8011-48b9cd2f4360.rna_seq.transcriptome.gdc_realn.bam	Sequencing Reads	Aligned Reads	TCGA-UVM	TCGA-V4-A9F1	TCGA-V4-A9F1-01A	Tumor	Primary	Solid Tissue	Unknown
f6a5771c-7b98-4155-b6e2-cba941b3a037	d8d59d9b-c57a-4383-8962-9204a8b9175a.rna_seq.transcriptome.gdc_realn.bam	Sequencing Reads	Aligned Reads	TCGA-UVM	TCGA-VD-A8KN	TCGA-VD-A8KN-01A	Tumor	Primary	Solid Tissue	Unknown
8622a12a-a4b0-4b38-ae15-4f3c553056fa	e7f27690-8071-4923-bc18-35eba10113a9.rna_seq.transcriptome.gdc_realn.bam	Sequencing Reads	Aligned Reads	TCGA-UVM	TCGA-V4-A9F7	TCGA-V4-A9F7-01A	Tumor	Primary	Solid Tissue	Unknown
03c38994-e5e1-437a-b31b-1811b14346f6	0e86cd4d-d678-4061-9717-ffcd93f05dbd.rna_seq.transcriptome.gdc_realn.bam	Sequencing Reads	Aligned Reads	TCGA-UVM	TCGA-V3-A9ZY	TCGA-V3-A9ZY-01A	Tumor	Primary	Solid Tissue	OCT
05f6847e-ee1c-4764-a56b-edfacd0d35fe	0c792398-8789-4708-bc3a-73b0bde80175.rna_seq.transcriptome.gdc_realn.bam	Sequencing Reads	Aligned Reads	TCGA-UVM	TCGA-YZ-A983	TCGA-YZ-A983-01A	Tumor	Primary	Solid Tissue	Unknown
a80a5068-c013-48fb-9f9d-124156b04ed5	130f6905-2d83-425a-950f-50bd8a0cc42e.rna_seq.transcriptome.gdc_realn.bam	Sequencing Reads	Aligned Reads	TCGA-UVM	TCGA-V4-A9ET	TCGA-V4-A9ET-01A	Tumor	Primary	Solid Tissue	Unknown
573ed866-a87d-4250-93ab-9da5ad7edbc0	28571071-5093-4d12-b526-9c06133cfcbc.rna_seq.transcriptome.gdc_realn.bam	Sequencing Reads	Aligned Reads	TCGA-UVM	TCGA-WC-AA9E	TCGA-WC-AA9E-01A	Tumor	Primary	Solid Tissue	Unknown
70bd8afe-3f38-447d-8a67-06934906aa24	a199f5da-dda7-406f-967b-f9c5ff771a40.rna_seq.transcriptome.gdc_realn.bam	Sequencing Reads	Aligned Reads	TCGA-UVM	TCGA-V4-A9EW	TCGA-V4-A9EW-01A	Tumor	Primary	Solid Tissue	Unknown
67ff9c21-aead-42e6-89f2-cfaa96dd3b57	598eebde-1c35-4dfb-be46-167c6b2b3819.rna_seq.transcriptome.gdc_realn.bam	Sequencing Reads	Aligned Reads	TCGA-UVM	TCGA-VD-A8KA	TCGA-VD-A8KA-01B	Tumor	Primary	Solid Tissue	Unknown
084dd523-dc76-4b5b-8a2c-96d18d86a27b	1ab744be-3780-4baa-971a-50defda0e791.rna_seq.transcriptome.gdc_realn.bam	Sequencing Reads	Aligned Reads	TCGA-UVM	TCGA-VD-AA8S	TCGA-VD-AA8S-01B	Tumor	Primary	Solid Tissue	Unknown
641e85e8-ce03-4914-8da8-6669c159ab34	7a632cae-65fe-4d7c-a892-a8809a9ba6de.rna_seq.transcriptome.gdc_realn.bam	Sequencing Reads	Aligned Reads	TCGA-UVM	TCGA-VD-AA8Q	TCGA-VD-AA8Q-01A	Tumor	Primary	Solid Tissue	Unknown
b4e97307-2c5e-49a4-96a6-e11151542e9e	ddc9ddb7-8686-4cd7-8f81-71ff37c8203e.rna_seq.transcriptome.gdc_realn.bam	Sequencing Reads	Aligned Reads	TCGA-UVM	TCGA-V4-A9EZ	TCGA-V4-A9EZ-01A	Tumor	Primary	Solid Tissue	Unknown
ea973600-fd6a-46b5-b2fc-179415115d7f	79351f4f-6f4b-4a1e-bd18-eaa521344822.rna_seq.transcriptome.gdc_realn.bam	Sequencing Reads	Aligned Reads	TCGA-UVM	TCGA-WC-A87T	TCGA-WC-A87T-01A	Tumor	Primary	Solid Tissue	OCT
e8b856c4-c214-4e1b-9837-85d11805ddc2	e1ac88db-c63b-405a-bf22-0c02eab7ecff.rna_seq.transcriptome.gdc_realn.bam	Sequencing Reads	Aligned Reads	TCGA-UVM	TCGA-WC-A888	TCGA-WC-A888-01A	Tumor	Primary	Solid Tissue	OCT
dd853425-7b93-4dc2-a125-c9e06c1ca7f8	850c83fc-adb5-4f71-bba6-006022c4f4c5.rna_seq.transcriptome.gdc_realn.bam	Sequencing Reads	Aligned Reads	TCGA-UVM	TCGA-WC-A882	TCGA-WC-A882-01A	Tumor	Primary	Solid Tissue	OCT
953d2150-b429-4d66-9574-5352a5e96bfd	e71db7d0-f7b7-4522-a382-c83b7520f608.rna_seq.transcriptome.gdc_realn.bam	Sequencing Reads	Aligned Reads	TCGA-UVM	TCGA-VD-A8KJ	TCGA-VD-A8KJ-01A	Tumor	Primary	Solid Tissue	Unknown
ea225bea-e15a-441d-89af-65919b439b5b	c317811d-b28a-430e-96e3-23bba15f04a3.rna_seq.transcriptome.gdc_realn.bam	Sequencing Reads	Aligned Reads	TCGA-UVM	TCGA-VD-AA8M	TCGA-VD-AA8M-01A	Tumor	Primary	Solid Tissue	Unknown
1097fad0-7b53-4cdc-9ccf-866ff82d2cb8	50e97e06-9279-484e-8c8f-6fcc67a55ebc.rna_seq.transcriptome.gdc_realn.bam	Sequencing Reads	Aligned Reads	TCGA-UVM	TCGA-V4-A9EQ	TCGA-V4-A9EQ-01A	Tumor	Primary	Solid Tissue	Unknown
dfe18e9e-1101-465d-a5c3-07c19a62f881	ac60cc0f-3aa5-4299-94f1-f7094537d906.rna_seq.transcriptome.gdc_realn.bam	Sequencing Reads	Aligned Reads	TCGA-UVM	TCGA-VD-A8KL	TCGA-VD-A8KL-01A	Tumor	Primary	Solid Tissue	Unknown
8d27e0c5-535f-4f89-91ce-82bf10de331e	01ecfef7-7a6b-4212-bdfa-d4aae88fadfa.rna_seq.transcriptome.gdc_realn.bam	Sequencing Reads	Aligned Reads	TCGA-UVM	TCGA-V4-A9EU	TCGA-V4-A9EU-01A	Tumor	Primary	Solid Tissue	Unknown
9a06b2f9-a400-4244-82c1-9f209f34898e	71adf9b8-e04d-454a-814e-855aa2f106d6.rna_seq.transcriptome.gdc_realn.bam	Sequencing Reads	Aligned Reads	TCGA-UVM	TCGA-VD-AA8O	TCGA-VD-AA8O-01A	Tumor	Primary	Solid Tissue	Unknown
58613f5e-9a5e-439d-8c96-32daaa35f5ce	38afdac7-861e-4d67-b6a3-4f95f8880bb2.rna_seq.transcriptome.gdc_realn.bam	Sequencing Reads	Aligned Reads	TCGA-UVM	TCGA-V4-A9EO	TCGA-V4-A9EO-01A	Tumor	Primary	Solid Tissue	Unknown
974d3bac-263c-456d-8a43-9519887bd5e5	8acb6203-ddd0-4edc-8017-7e3b2953b7a2.rna_seq.transcriptome.gdc_realn.bam	Sequencing Reads	Aligned Reads	TCGA-UVM	TCGA-V4-A9EJ	TCGA-V4-A9EJ-01A	Tumor	Primary	Solid Tissue	Unknown
e75887d9-4ea2-4738-b883-cab9706ad8d9	d48466f5-2fbe-455a-9e19-2277f71983d5.rna_seq.transcriptome.gdc_realn.bam	Sequencing Reads	Aligned Reads	TCGA-UVM	TCGA-V4-A9EV	TCGA-V4-A9EV-01A	Tumor	Primary	Solid Tissue	Unknown
e6b444c0-40de-463b-89af-ed10c8a8b017	b65a7b29-61ac-495f-b06c-065909a2971b.rna_seq.transcriptome.gdc_realn.bam	Sequencing Reads	Aligned Reads	TCGA-UVM	TCGA-VD-A8K9	TCGA-VD-A8K9-01A	Tumor	Primary	Solid Tissue	Unknown
92180981-278b-49c6-a97e-6018a4223283	34f43fb5-ca59-4455-ae07-f987bdb9a8e0.rna_seq.transcriptome.gdc_realn.bam	Sequencing Reads	Aligned Reads	TCGA-UVM	TCGA-WC-A881	TCGA-WC-A881-01A	Tumor	Primary	Solid Tissue	OCT
c62e6228-1f40-45c2-9d99-2ec0bf79fb35	37d341cf-24de-4af2-9a2b-ee801c416ec8.rna_seq.transcriptome.gdc_realn.bam	Sequencing Reads	Aligned Reads	TCGA-UVM	TCGA-VD-A8KI	TCGA-VD-A8KI-01A	Tumor	Primary	Solid Tissue	Unknown
f930e6eb-1b15-4b98-acd5-806722b77867	2a6ea7b6-7ec3-4226-9d58-37b544e78aec.rna_seq.transcriptome.gdc_realn.bam	Sequencing Reads	Aligned Reads	TCGA-UVM	TCGA-V4-A9E9	TCGA-V4-A9E9-01A	Tumor	Primary	Solid Tissue	Unknown
4ef0b07b-b26c-4a63-be24-7b0099b9560f	8a851a1b-c39e-4ee2-876a-447ff4b088c4.rna_seq.transcriptome.gdc_realn.bam	Sequencing Reads	Aligned Reads	TCGA-UVM	TCGA-V4-A9EI	TCGA-V4-A9EI-01A	Tumor	Primary	Solid Tissue	Unknown
d2f9cd16-2276-4357-89b0-ca1332af6d2f	d9480f8b-3086-4a6f-b349-a3ae5bafe58c.rna_seq.transcriptome.gdc_realn.bam	Sequencing Reads	Aligned Reads	TCGA-UVM	TCGA-V4-A9E8	TCGA-V4-A9E8-01A	Tumor	Primary	Solid Tissue	Unknown
